position,base,extreme GC,low complexity,non-specificity,variations,risk
1,A,0.0,0.0,0.0,0.0,0.0
2,T,0.0,0.0,0.0,0.0,0.0
3,G,0.0,0.0,0.0,0.0,0.0
4,A,0.0,0.0,0.0,0.0,0.0
5,A,0.0,0.0,0.0,0.0,0.0
6,T,0.0,0.0,0.0,0.0,0.0
7,C,0.0,0.0,0.0,0.0,0.0
8,C,0.0,0.0,0.0,0.0,0.0
9,A,0.0,0.0,0.0,0.0,0.0
10,A,0.0,0.0,0.0,0.0,0.0
11,A,0.0,0.0,0.0,0.0,0.0
12,T,0.0,0.0,0.0,0.0,0.0
13,C,0.0,0.0,0.0,0.0,0.0
14,A,0.0,0.0,0.0,0.0,0.0
15,A,0.0,0.0,0.0,0.0,0.0
16,A,0.0,0.0,0.0,0.0,0.0
17,A,0.0,0.0,0.0,0.0,0.0
18,G,0.0,0.0,0.0,0.0,0.0
19,A,0.0,0.0,0.0,0.0,0.0
20,T,0.0,0.0,0.7747747747747747,0.7823690390862997,1.5571438138610745
21,A,0.0,0.0,0.7747747747747747,0.7823690390862997,1.5571438138610745
22,A,0.0,0.0,0.7747747747747747,0.7733240063270506,1.5480987811018254
23,T,0.0,0.0,0.7747747747747747,0.8059930306636777,1.5807678054384524
24,A,0.0,0.0,0.7747747747747747,0.8117916164372603,1.5865663912120351
25,A,0.0,0.0,0.7747747747747747,0.8088975194659209,1.5836722942406958
26,C,0.0,0.0,0.7747747747747747,0.7360331789568457,1.5108079537316206
27,G,0.0,0.0,0.7747747747747747,1.699795816012935,2.47457059078771
28,A,0.0,0.0,0.7747747747747747,0.7549088883060789,1.5296836630808537
29,T,0.0,0.0,0.7747747747747747,0.7117349254656329,1.4865097002404077
30,T,0.0,0.0,0.7747747747747747,0.8074465810431486,1.5822213558179232
31,G,0.0,0.0,0.7747747747747747,0.7182948330365255,1.4930696078113002
32,G,0.0,0.0,0.7747747747747747,0.6745160171640701,1.4492907919388447
33,C,0.0,0.0,0.7747747747747747,1.0053795265944596,1.7801543013692345
34,T,0.0,0.0,0.16216216216216217,0.664003435873475,0.8261655980356372
35,C,0.0,0.0,0.16216216216216217,0.655114100025736,0.8172762621878982
36,T,0.0,0.0,0.16216216216216217,0.7264114164619249,0.888573578624087
37,G,0.0,0.0,0.16216216216216217,0.8540269909747116,1.0161891531368736
38,T,0.0,0.0,0.16216216216216217,0.6831529376429044,0.8453150998050666
39,T,0.0,0.0,0.16216216216216217,1.180278848980545,1.3424410111427072
40,T,0.0,0.0,0.16216216216216217,0.6604620589648431,0.8226242211270053
41,C,0.0,0.0,0.16216216216216217,0.6351197609066971,0.7972819230688593
42,T,0.0,0.0,0.16216216216216217,0.9757856314268314,1.1379477935889937
43,C,0.0,0.0,0.16216216216216217,0.6163805262138641,0.7785426883760262
44,T,0.0,0.0,0.16216216216216217,0.6048583789091294,0.7670205410712916
45,C,0.0,0.0,0.16216216216216217,1.0341268715643888,1.196289033726551
46,A,0.0,0.0,0.16216216216216217,1.0554513185972625,1.2176134807594248
47,C,0.0,0.0,0.16216216216216217,1.0397809698637497,1.201943132025912
48,A,0.0,0.0,0.32432432432432434,1.5113702888749005,1.835694613199225
49,A,0.0,0.0,0.32432432432432434,0.9889160590552719,1.3132403833795963
50,T,0.0,0.0,0.32432432432432434,0.5563887852034582,0.8807131095277826
51,T,0.0,0.0,0.32432432432432434,0.7407971974871869,1.0651215218115113
52,T,0.0,0.0,0.32432432432432434,1.3341734376482204,1.6584977619725447
53,C,0.0,0.0,0.32432432432432434,0.5304958917672973,0.8548202160916216
54,C,0.0,0.0,0.32432432432432434,0.9315201721618592,1.2558444964861835
55,A,0.0,0.0,0.32432432432432434,1.182264180659526,1.5065885049838503
56,C,0.0,0.0,0.32432432432432434,0.6067939306687485,0.9311182549930729
57,A,0.0,0.0,0.32432432432432434,5.009372079452074,5.333696403776399
58,A,0.0,0.0,0.32432432432432434,0.6125638918316847,0.936888216156009
59,T,0.0,0.0,0.32432432432432434,0.664003435873475,0.9883277601977993
60,A,0.0,0.0,0.32432432432432434,0.5542772451944334,0.8786015695187578
61,T,0.0,0.0,0.32432432432432434,0.4866896256803097,0.811013950004634
62,G,0.0,0.0,0.2972972972972973,0.47940707594411874,0.7767043732414161
63,C,0.0,0.0,0.2972972972972973,0.8689991223652991,1.1662964196625965
64,T,0.0,0.0,0.2972972972972973,0.5435965284483336,0.8408938257456309
65,T,0.0,0.0,0.2972972972972973,0.4568634398008228,0.75416073709812
66,C,0.0,0.0,0.2972972972972973,0.7626358950657712,1.0599331923630686
67,T,0.0,0.0,0.2972972972972973,1.3774177106885803,1.6747150079858777
68,T,0.0,0.0,0.2972972972972973,0.5032725922040461,0.8005698895013433
69,C,0.0,0.0,0.2972972972972973,1.438221227832356,1.7355185251296534
70,A,0.0,0.0,0.2972972972972973,2.165198906322456,2.4624962036197533
71,T,0.0,0.0,0.2972972972972973,0.45942291887376496,0.7567202161710622
72,G,0.0,0.0,0.2972972972972973,0.6779839886978011,0.9752812859950983
73,C,0.0,0.0,0.2972972972972973,0.43314808182420705,0.7304453791215044
74,A,0.0,0.0,0.2972972972972973,0.43314808182420705,0.7304453791215044
75,A,0.0,0.0,0.2972972972972973,0.7407971974871869,1.0380944947844841
76,A,0.0,0.0,0.18018018018018017,0.6933752452815358,0.8735554254617159
77,T,0.0,0.0,0.18018018018018017,2.659543331421263,2.839723511601443
78,T,0.0,0.0,0.18018018018018017,0.5931124378880281,0.7732926180682083
79,G,0.0,0.0,0.18018018018018017,0.6727753277662833,0.8529555079464635
80,C,0.0,0.0,0.18018018018018017,0.47448995031042546,0.6546701304906056
81,C,0.0,0.0,0.18018018018018017,0.6831529376429044,0.8633331178230845
82,A,0.0,0.0,0.18018018018018017,0.5392650129772745,0.7194451931574546
83,T,0.0,0.0,0.18018018018018017,0.794268870974823,0.9744490511550032
84,C,0.0,0.0,0.18018018018018017,1.4981226525810096,1.6783028327611897
85,C,0.0,0.0,0.18018018018018017,1.246947492391111,1.4271276725712911
86,T,0.0,0.0,0.18018018018018017,0.4568634398008228,0.637043619981003
87,G,0.0,0.0,0.18018018018018017,0.9440243581301067,1.1242045383102868
88,A,0.0,0.0,0.18018018018018017,1.6984155512168921,1.8785957313970723
89,T,0.0,0.0,0.18018018018018017,0.6351197609066971,0.8152999410868773
90,A,0.0,0.0,0.18018018018018017,1.1211760108384141,1.3013561910185942
91,A,0.0,0.0,0.18018018018018017,0.4542895407851583,0.6344697209653385
92,C,0.0,0.0,0.18018018018018017,0.5931124378880281,0.7732926180682083
93,T,0.0,0.0,0.18018018018018017,1.3602849828332186,1.5404651630133988
94,A,0.0,0.0,0.18018018018018017,0.43852900965351194,0.618709189833692
95,C,0.0,0.0,0.18018018018018017,0.46701720061047003,0.6471973807906501
96,T,0.0,0.0,0.18018018018018017,0.5791078083211536,0.7592879885013337
97,G,0.0,0.0,0.18018018018018017,0.6295565609336702,0.8097367411138503
98,T,0.0,0.0,0.18018018018018017,0.47201217906505333,0.6521923592452334
99,A,0.0,0.0,0.18018018018018017,0.7264114164619249,0.906591596642105
100,A,0.0,0.0,0.18018018018018017,0.47201217906505333,0.6521923592452334
101,C,0.0,0.0,0.18018018018018017,0.47201217906505333,0.6521923592452334
102,A,0.0,0.0,0.18018018018018017,0.5478938010789864,0.7280739812591666
103,T,0.0,0.0,0.18018018018018017,1.2164831048827969,1.396663285062977
104,T,0.0,0.0,0.3063063063063063,0.46701720061047003,0.7733235069167763
105,G,0.0,0.0,0.3063063063063063,0.664003435873475,0.9703097421797813
106,C,0.0,0.0,0.3063063063063063,0.5102146110641383,0.8165209173704446
107,A,0.0,0.0,0.3063063063063063,0.43043239309807996,0.7367386994043863
108,T,0.0,0.0,0.3063063063063063,0.6424624298226161,0.9487687361289224
109,T,0.0,0.0,0.3063063063063063,0.519326306268737,0.8256326125750433
110,T,0.0,0.0,0.3063063063063063,0.4619682176798962,0.7682745239862026
111,C,0.0,0.0,0.3063063063063063,0.5542772451944334,0.8605835515007397
112,A,0.0,0.0,0.3063063063063063,0.44647882322372245,0.7527851295300287
113,A,0.0,0.0,0.3063063063063063,0.5970534276739227,0.903359733980229
114,G,0.0,0.0,0.3063063063063063,0.6406346524921438,0.9469409587984501
115,C,0.0,0.0,0.3063063063063063,0.47201217906505333,0.7783184853713596
116,A,0.0,0.0,0.3063063063063063,0.5414351022802548,0.8477414085865611
117,A,0.0,0.0,0.3063063063063063,0.8429711591949751,1.1492774655012814
118,T,0.0,0.0,0.2702702702702703,1.3429336987820992,1.6132039690523694
119,A,0.0,0.0,0.2702702702702703,0.5750438436665763,0.8453141139368466
120,T,0.0,0.0,0.2702702702702703,0.6710301229387395,0.9413003932090098
121,G,0.0,0.0,0.2702702702702703,0.7748388442260558,1.045109114496326
122,A,0.0,0.0,0.2702702702702703,0.5626758636903932,0.8329461339606635
123,A,0.0,0.0,0.2702702702702703,1.4414788112306784,1.7117490815009488
124,T,0.0,0.0,0.2702702702702703,0.6201736729460385,0.8904439432163088
125,T,0.0,0.0,0.2702702702702703,1.3129103486109326,1.5831806188812028
126,C,0.0,0.0,0.2702702702702703,0.6163805262138641,0.8866507964841344
127,A,0.0,0.0,0.2702702702702703,1.122221396623407,1.3924916668936773
128,A,0.0,0.0,0.2702702702702703,0.5891450860847267,0.859415356354997
129,C,0.0,0.0,0.2702702702702703,1.2279958198558658,1.498266090126136
130,T,0.0,0.0,0.2702702702702703,2.064849207910137,2.335119478180407
131,C,0.0,0.0,0.2702702702702703,0.8443610548778112,1.1146313251480815
132,C,0.0,0.0,0.13513513513513514,0.6710301229387395,0.8061652580738747
133,C,0.0,0.0,0.13513513513513514,1.733268989039996,1.868404124175131
134,C,0.0,0.0,0.13513513513513514,0.7001072016545966,0.8352423367897317
135,C,0.0,0.0,0.13513513513513514,2.997027921162087,3.1321630562972222
136,C,0.0,0.0,0.13513513513513514,1.0307195249979502,1.1658546601330853
137,C,0.0,0.0,0.13513513513513514,0.8373885073220911,0.9725236424572263
138,A,0.0,0.0,0.13513513513513514,0.7360331789568457,0.8711683140919808
139,A,0.0,0.0,0.13513513513513514,0.4818468223669634,0.6169819575020985
140,A,0.0,0.0,0.13513513513513514,0.8955801415108867,1.030715276646022
141,T,0.0,0.0,0.13513513513513514,1.5012502606879907,1.6363853958231258
142,A,0.0,0.0,0.13513513513513514,0.3993427996969396,0.5344779348320747
143,A,0.0,0.0,0.13513513513513514,0.48427427764128667,0.6194094127764218
144,C,0.0,0.0,0.13513513513513514,0.9452656793213271,1.0804008144564623
145,C,0.0,0.0,0.13513513513513514,0.42494895400323085,0.560084089138366
146,A,0.0,0.0,0.23423423423423423,0.3904344047215102,0.6246686389557444
147,A,0.0,0.0,0.23423423423423423,0.7439562617012979,0.9781904959355321
148,G,0.0,0.0,0.23423423423423423,0.6657670603233762,0.9000012945576104
149,T,0.0,0.0,0.23423423423423423,0.6314164071153678,0.8656506413496021
150,G,0.0,0.0,0.23423423423423423,1.4068980422593955,1.6411322764936298
151,A,0.0,0.0,0.23423423423423423,1.0925725704792335,1.3268068047134678
152,T,0.0,0.0,0.23423423423423423,0.5348984227885515,0.7691326570227857
153,G,0.0,0.0,0.23423423423423423,1.0250154439874308,1.2592496782216651
154,C,0.0,0.0,0.23423423423423423,1.2106856941032176,1.4449199283374519
155,T,0.0,0.0,0.23423423423423423,0.6163805262138641,0.8506147604480983
156,G,0.0,0.0,0.23423423423423423,1.5268085882948128,1.761042822529047
157,T,0.0,0.0,0.23423423423423423,0.3904344047215102,0.6246686389557444
158,G,0.0,0.0,0.23423423423423423,0.42494895400323085,0.659183188237465
159,T,0.0,0.0,0.23423423423423423,0.5871513575713931,0.8213855918056274
160,G,0.0,0.0,0.6126126126126126,0.5584923419887062,1.1711049546013188
161,A,0.0,0.0,0.6126126126126126,0.4542895407851583,1.066902153397771
162,A,0.0,0.0,0.6126126126126126,0.6369633635100452,1.249575976122658
163,C,0.0,0.0,0.6126126126126126,0.5125077219937081,1.1251203346063208
164,C,0.0,0.0,0.6126126126126126,0.4080567594702237,1.0206693720828364
165,A,0.0,0.0,0.6126126126126126,0.5348984227885515,1.147511035401164
166,A,0.0,0.0,0.6126126126126126,0.5414351022802548,1.1540477148928674
167,C,0.0,0.0,0.6126126126126126,0.6201736729460385,1.232786285558651
168,A,0.0,0.0,0.6126126126126126,0.6479148254308817,1.2605274380434943
169,A,0.0,0.0,0.6126126126126126,0.5584923419887062,1.1711049546013188
170,T,0.0,0.0,0.6126126126126126,0.48427427764128667,1.0968868902538993
171,A,0.0,0.0,0.6126126126126126,0.44119486405390085,1.0538074766665133
172,A,0.0,0.0,0.6126126126126126,0.5282808679311887,1.1408934805438014
173,T,0.0,0.0,0.6126126126126126,0.3934262829935108,1.0060388956061233
174,A,0.0,0.0,0.5765765765765766,0.47201217906505333,1.0485887556416298
175,G,0.0,0.0,0.5765765765765766,0.4644995693283149,1.0410761459048914
176,A,0.0,0.0,0.5765765765765766,0.3874194221130247,0.9639959986896013
177,A,0.0,0.0,0.5765765765765766,3.501540802631793,4.078117379208369
178,A,0.0,0.0,0.5765765765765766,0.4051729299811255,0.981749506557702
179,G,0.0,0.0,0.5765765765765766,0.5626758636903932,1.13925244026697
180,A,0.0,0.0,0.5765765765765766,1.0192794423579334,1.59585601893451
181,A,0.0,0.0,0.5765765765765766,0.3904344047215102,0.9670109812980867
182,A,0.0,0.0,0.5765765765765766,0.47201217906505333,1.0485887556416298
183,C,0.0,0.0,0.5765765765765766,0.523822721827175,1.1003992984037516
184,A,0.0,0.0,0.5765765765765766,0.451700975322104,1.0282775518986806
185,T,0.0,0.0,0.5765765765765766,1.3209241179296902,1.8975006945062667
186,A,0.0,0.0,0.5765765765765766,1.209716757818267,1.7862933343948435
187,A,0.0,0.0,0.5765765765765766,0.4137641241928063,0.9903407007693829
188,C,0.0,0.0,0.36036036036036034,0.4022684270852486,0.762628787445609
189,A,0.0,0.0,0.36036036036036034,1.2164831048827969,1.576843465243157
190,G,0.0,0.0,0.36036036036036034,0.6125638918316847,0.972924252192045
191,A,0.0,0.0,0.36036036036036034,0.3688123019522126,0.7291726623125729
192,G,0.0,0.0,0.36036036036036034,0.7455307740693338,1.1058911344296942
193,A,0.0,0.0,0.36036036036036034,1.4910615481386778,1.851421908499038
194,T,0.0,0.0,0.36036036036036034,0.4137641241928063,0.7741244845531666
195,A,0.0,0.0,0.36036036036036034,1.284924859645236,1.6452852200055963
196,G,0.0,0.0,0.36036036036036034,0.5009372079452075,0.8612975683055678
197,T,0.0,0.0,0.36036036036036034,0.4022684270852486,0.762628787445609
198,G,0.0,0.0,0.36036036036036034,0.8457486664217805,1.2061090267821408
199,T,0.0,0.0,0.36036036036036034,0.4890930458559905,0.8494534062163508
200,A,0.0,0.0,0.36036036036036034,0.3843807914952827,0.744741151855643
201,T,0.0,0.0,0.36036036036036034,0.830357413043245,1.1907177734036054
202,T,0.0,0.0,0.7477477477477478,1.321811537658898,2.069559285406646
203,T,0.0,0.0,0.7477477477477478,0.3934262829935108,1.1411740307412586
204,G,0.0,0.0,0.7477477477477478,0.5831434516293825,1.3308911993771302
205,A,0.0,0.0,0.7477477477477478,0.5647560033674542,1.312503751115202
206,C,0.0,0.0,0.7477477477477478,0.5584923419887062,1.3062400897364541
207,C,0.0,0.0,0.7477477477477478,0.5542772451944334,1.3020249929421812
208,A,0.0,0.0,0.7477477477477478,0.36561906174519954,1.1133668094929474
209,A,0.0,0.0,0.7477477477477478,0.39639558008375925,1.144143327831507
210,C,0.0,0.0,0.7477477477477478,0.6009685740676296,1.3487163218153775
211,A,0.0,0.0,0.7477477477477478,0.3904344047215102,1.138182152469258
212,C,0.0,0.0,0.7477477477477478,0.8526528517242349,1.6004005994719828
213,C,0.0,0.0,0.7477477477477478,0.9415368060905851,1.6892845538383328
214,A,0.0,0.0,0.7477477477477478,0.3904344047215102,1.138182152469258
215,C,0.0,0.0,0.7477477477477478,0.6048583789091294,1.3526061266568772
216,C,0.0,0.0,0.6576576576576577,1.3723003516575627,2.0299580093152203
217,A,0.0,0.0,0.6576576576576577,1.803556003819072,2.4612136614767297
218,T,0.0,0.0,0.6576576576576577,0.4890930458559905,1.1467507035136482
219,A,0.0,0.0,0.6576576576576577,0.4769548497556556,1.1346125074133133
220,G,0.0,0.0,0.6576576576576577,0.4769548497556556,1.1346125074133133
221,A,0.0,0.0,0.6576576576576577,0.41092035080924133,1.068578008466899
222,G,0.0,0.0,0.6576576576576577,0.8045368541705035,1.4621945118281612
223,A,0.0,0.0,0.6576576576576577,0.3874194221130247,1.0450770797706825
224,A,0.0,0.0,0.6576576576576577,0.6604620589648431,1.3181197166225007
225,G,0.0,0.0,0.6576576576576577,0.7972160754270575,1.4548737330847152
226,G,0.0,0.0,0.6576576576576577,0.3993427996969396,1.0570004573545972
227,A,0.0,0.0,0.6576576576576577,0.42494895400323085,1.0826066116608886
228,A,0.0,0.0,0.6576576576576577,0.5688934652984511,1.2265511229561088
229,A,0.0,0.0,0.6576576576576577,0.6369633635100452,1.294621021167703
230,T,0.0,0.0,0.1981981981981982,0.688283069303379,0.8864812675015772
231,A,0.0,0.0,0.1981981981981982,0.7564606039995541,0.9546588021977522
232,T,0.0,0.0,0.1981981981981982,0.35914741651825927,0.5573456147164575
233,G,0.0,0.0,0.1981981981981982,0.3688123019522126,0.5670105001504108
234,C,0.0,0.0,0.1981981981981982,0.7672347461646403,0.9654329443628384
235,C,0.0,0.0,0.1981981981981982,0.5770794034608062,0.7752776016590044
236,C,0.0,0.0,0.1981981981981982,0.4221805274389026,0.6203787256371008
237,C,0.0,0.0,0.1981981981981982,0.6087233280040121,0.8069215262022102
238,A,0.0,0.0,0.1981981981981982,0.4938647983247946,0.6920629965229927
239,A,0.0,0.0,0.1981981981981982,0.49859088493883436,0.6967890831370326
240,A,0.0,0.0,0.1981981981981982,0.5370861555295668,0.735284353727765
241,C,0.0,0.0,0.1981981981981982,0.8373885073220911,1.0355867055202894
242,C,0.0,0.0,0.1981981981981982,0.896888513489001,1.0950867116871992
243,A,0.0,0.0,0.1981981981981982,0.6497221227363126,0.8479203209345108
244,G,0.0,0.0,0.24324324324324326,0.8526528517242349,1.095896094967478
245,C,0.0,0.0,0.24324324324324326,4.272331244053042,4.515574487296285
246,A,0.0,0.0,0.24324324324324326,0.6258202872190466,0.8690635304622898
247,G,0.0,0.0,0.24324324324324326,0.6009685740676296,0.8442118173108728
248,A,0.0,0.0,0.24324324324324326,2.2439202829863945,2.487163526229638
249,A,0.0,0.0,0.24324324324324326,0.5709509529014992,0.8141941961447425
250,T,0.0,0.0,0.24324324324324326,0.3843807914952827,0.627624034738526
251,A,0.0,0.0,0.24324324324324326,0.3904344047215102,0.6336776479647535
252,C,0.0,0.0,0.24324324324324326,0.5584923419887062,0.8017355852319494
253,A,0.0,0.0,0.24324324324324326,0.37197813085064557,0.6152213740938888
254,G,0.0,0.0,0.24324324324324326,0.3843807914952827,0.627624034738526
255,A,0.0,0.0,0.24324324324324326,0.6067939306687485,0.8500371739119919
256,A,0.0,0.0,0.24324324324324326,0.5170634357821872,0.7603066790254305
257,A,0.0,0.0,0.24324324324324326,1.06540341081083,1.308646654054073
258,T,0.0,0.0,0.2072072072072072,0.6848672513487413,0.8920744585559485
259,T,0.0,0.0,0.2072072072072072,0.3424336256743633,0.5496408328815705
260,G,0.0,0.0,0.2072072072072072,0.3688123019522126,0.5760195091594198
261,G,0.0,0.0,0.2072072072072072,0.3424336256743633,0.5496408328815705
262,T,0.0,0.0,0.2072072072072072,0.37197813085064557,0.5791853380578528
263,C,0.0,0.0,0.2072072072072072,0.4221805274389026,0.6293877346461099
264,A,0.0,0.0,0.2072072072072072,0.6675260252390763,0.8747332324462835
265,A,0.0,0.0,0.2072072072072072,0.3424336256743633,0.5496408328815705
266,A,0.0,0.0,0.2072072072072072,0.3525569957780444,0.5597642029852516
267,A,0.0,0.0,0.2072072072072072,1.2174466560080324,1.4246538632152395
268,C,0.0,0.0,0.2072072072072072,0.4080567594702237,0.6152639666774309
269,C,0.0,0.0,0.2072072072072072,0.32845079533027466,0.5356580025374819
270,G,0.0,0.0,0.2072072072072072,1.3723003516575627,1.57950755886477
271,C,0.0,0.0,0.2072072072072072,0.30628194591583424,0.5134891531230414
272,A,0.0,0.0,0.26126126126126126,0.33200171793672995,0.5932629791979912
273,A,0.0,0.0,0.26126126126126126,0.7117349254656329,0.9729961867268941
274,T,0.0,0.0,0.26126126126126126,0.30242918945455644,0.5636904507158177
275,G,0.0,0.0,0.26126126126126126,0.29852671383695295,0.5597879750982142
276,T,0.0,0.0,0.26126126126126126,0.5032725922040461,0.7645338534653073
277,G,0.0,0.0,0.26126126126126126,1.3705903194024718,1.631851580663733
278,G,0.0,0.0,0.26126126126126126,1.4333209709023689,1.6945822321636301
279,C,0.0,0.0,0.26126126126126126,0.6569015906605646,0.9181628519218259
280,A,0.0,0.0,0.26126126126126126,0.37197813085064557,0.6332393921119068
281,T,0.0,0.0,0.26126126126126126,0.3355150614693624,0.5967763227306236
282,T,0.0,0.0,0.26126126126126126,0.6295565609336702,0.8908178221949314
283,A,0.0,0.0,0.26126126126126126,0.5348984227885515,0.7961596840498127
284,C,0.0,0.0,0.26126126126126126,0.44384470688224953,0.7051059681435108
285,A,0.0,0.0,0.26126126126126126,1.584842603793588,1.8461038650548494
286,G,0.0,0.0,0.3063063063063063,0.3175598804533406,0.6238661867596469
287,G,0.0,0.0,0.3063063063063063,0.3175598804533406,0.6238661867596469
288,A,0.0,0.0,0.3063063063063063,1.0476454436543643,1.3539517499606706
289,T,0.0,0.0,0.3063063063063063,0.30242918945455644,0.6087354957608627
290,T,0.0,0.0,0.3063063063063063,0.3492151478847818,0.6555214541910881
291,T,0.0,0.0,0.3063063063063063,0.5260565175551767,0.832362823861483
292,G,0.0,0.0,0.3063063063063063,0.3175598804533406,0.6238661867596469
293,C,0.0,0.0,0.3063063063063063,0.3492151478847818,0.6555214541910881
294,A,0.0,0.0,0.3063063063063063,1.057670987334152,1.3639772936404584
295,C,0.0,0.0,0.3063063063063063,0.35586746273281294,0.6621737690391192
296,C,0.0,0.0,0.3063063063063063,0.3458410093559467,0.652147315662253
297,T,0.0,0.0,0.3063063063063063,0.7312381234904058,1.037544429796712
298,T,0.0,0.0,0.3063063063063063,0.3525569957780444,0.6588633020843506
299,T,0.0,0.0,0.3063063063063063,0.3525569957780444,0.6588633020843506
300,C,0.0,0.0,0.10810810810810811,1.3084370465140573,1.4165451546221655
301,T,0.0,0.0,0.10810810810810811,0.3248610613681486,0.4329691694762567
302,C,0.0,0.0,0.10810810810810811,0.3458410093559467,0.4539491174640548
303,T,0.0,0.0,0.10810810810810811,0.9046990108249318,1.0128071189330399
304,A,0.0,0.0,0.10810810810810811,0.30628194591583424,0.41439005402394236
305,A,0.0,0.0,0.10810810810810811,0.3843807914952827,0.4924888996033908
306,G,0.0,0.0,0.10810810810810811,0.6984302957695778,0.8065384038776859
307,G,0.0,0.0,0.10810810810810811,0.29852671383695295,0.40663482194506106
308,A,0.0,0.0,0.10810810810810811,0.3175598804533406,0.4256679885614487
309,C,0.0,0.0,0.10810810810810811,0.44647882322372245,0.5545869313318306
310,A,0.0,0.0,0.10810810810810811,0.3175598804533406,0.4256679885614487
311,A,0.0,0.0,0.10810810810810811,0.3212312149113003,0.4293393230194084
312,T,0.0,0.0,0.10810810810810811,0.5911320903297588,0.6992401984378669
313,T,0.0,0.0,0.10810810810810811,0.33200171793672995,0.44010982604483806
314,C,0.0,0.0,0.17117117117117117,0.35914741651825927,0.5303185876894304
315,G,0.0,0.0,0.17117117117117117,1.2591131218673444,1.4302842930385156
316,A,0.0,0.0,0.17117117117117117,0.5521576303742257,0.7233288015453969
317,T,0.0,0.0,0.17117117117117117,0.30242918945455644,0.47360036062572763
318,T,0.0,0.0,0.17117117117117117,0.5750438436665763,0.7462150148377475
319,A,0.0,0.0,0.17117117117117117,1.2497654564197356,1.4209366275909068
320,G,0.0,0.0,0.17117117117117117,0.32845079533027466,0.49962196650144586
321,G,0.0,0.0,0.17117117117117117,0.6865772846008161,0.8577484557719873
322,C,0.0,0.0,0.17117117117117117,0.3525569957780444,0.5237281669492155
323,T,0.0,0.0,0.17117117117117117,0.31384560203018613,0.4850167732013573
324,T,0.0,0.0,0.17117117117117117,0.5478938010789864,0.7190649722501576
325,T,0.0,0.0,0.17117117117117117,0.35586746273281294,0.5270386339039841
326,C,0.0,0.0,0.17117117117117117,0.35914741651825927,0.5303185876894304
327,C,0.0,0.0,0.17117117117117117,1.4168643867468473,1.5880355579180185
328,G,0.0,0.0,0.23423423423423423,0.4051729299811255,0.6394071642153597
329,C,0.0,0.0,0.23423423423423423,0.4080567594702237,0.6422909937044579
330,T,0.0,0.0,0.23423423423423423,0.5500298473906938,0.784264081624928
331,G,0.0,0.0,0.23423423423423423,0.4137641241928063,0.6479983584270406
332,G,0.0,0.0,0.23423423423423423,0.35586746273281294,0.5901016969670472
333,T,0.0,0.0,0.23423423423423423,0.4890930458559905,0.7233272800902247
334,G,0.0,0.0,0.23423423423423423,0.3355150614693624,0.5697492957035966
335,G,0.0,0.0,0.23423423423423423,0.3175598804533406,0.5517941146875749
336,G,0.0,0.0,0.23423423423423423,1.14395384259866,1.3781880768328942
337,G,0.0,0.0,0.23423423423423423,0.5811291331695392,0.8153633674037735
338,A,0.0,0.0,0.23423423423423423,0.4022684270852486,0.6365026613194829
339,C,0.0,0.0,0.23423423423423423,0.519326306268737,0.7535605405029713
340,A,0.0,0.0,0.23423423423423423,0.523822721827175,0.7580569560614092
341,T,0.0,0.0,0.23423423423423423,0.3212312149113003,0.5554654491455345
342,C,0.0,0.0,0.18018018018018017,6.557760394248003,6.737940574428183
343,T,0.0,0.0,0.18018018018018017,0.3424336256743633,0.5226138058545435
344,G,0.0,0.0,0.18018018018018017,0.3688123019522126,0.5489924821323928
345,G,0.0,0.0,0.18018018018018017,0.35586746273281294,0.5360476429129931
346,G,0.0,0.0,0.18018018018018017,0.35586746273281294,0.5360476429129931
347,T,0.0,0.0,0.18018018018018017,0.33200171793672995,0.5121818981169102
348,G,0.0,0.0,0.18018018018018017,1.4127202878249714,1.5929004680051515
349,A,0.0,0.0,0.18018018018018017,0.36239768563222086,0.542577865812401
350,C,0.0,0.0,0.18018018018018017,0.3424336256743633,0.5226138058545435
351,A,0.0,0.0,0.18018018018018017,1.062096408283071,1.2422765884632512
352,A,0.0,0.0,0.18018018018018017,0.451700975322104,0.6318811555022842
353,G,0.0,0.0,0.18018018018018017,0.31384560203018613,0.4940257822103663
354,A,0.0,0.0,0.18018018018018017,0.676252226000573,0.8564324061807531
355,G,0.0,0.0,0.18018018018018017,0.30242918945455644,0.4826093696347366
356,A,0.0,0.0,0.09009009009009009,0.3458410093559467,0.4359310994460368
357,A,0.0,0.0,0.09009009009009009,0.4644995693283149,0.554589659418405
358,C,0.0,0.0,0.09009009009009009,0.29852671383695295,0.388616803927043
359,C,0.0,0.0,0.09009009009009009,0.32845079533027466,0.4185408854203647
360,T,0.0,0.0,0.09009009009009009,1.3209241179296902,1.4110142080197803
361,T,0.0,0.0,0.09009009009009009,0.32845079533027466,0.4185408854203647
362,A,0.0,0.0,0.09009009009009009,0.32845079533027466,0.4185408854203647
363,T,0.0,0.0,0.09009009009009009,0.4644995693283149,0.554589659418405
364,G,0.0,0.0,0.09009009009009009,0.3843807914952827,0.47447088158537276
365,T,0.0,0.0,0.09009009009009009,0.2945725430423548,0.38466263313244486
366,G,0.0,0.0,0.09009009009009009,1.1862248757760647,1.2763149658661548
367,T,0.0,0.0,0.09009009009009009,0.3175598804533406,0.40764997054343066
368,C,0.0,0.0,0.09009009009009009,0.3212312149113003,0.4113213050013904
369,A,0.0,0.0,0.09009009009009009,0.5811291331695392,0.6712192232596292
370,T,0.0,0.0,0.17117117117117117,0.3212312149113003,0.49240238608247144
371,G,0.0,0.0,0.17117117117117117,0.3212312149113003,0.49240238608247144
372,C,0.0,0.0,0.17117117117117117,1.3976997989393036,1.5688709701104748
373,G,0.0,0.0,0.17117117117117117,0.4137641241928063,0.5849352953639775
374,A,0.0,0.0,0.17117117117117117,0.3904344047215102,0.5616055758926813
375,T,0.0,0.0,0.17117117117117117,0.9150093039234137,1.086180475094585
376,C,0.0,0.0,0.17117117117117117,1.0752633954552717,1.246434566626443
377,T,0.0,0.0,0.17117117117117117,1.0273008770231096,1.1984720481942808
378,T,0.0,0.0,0.17117117117117117,1.1429283346896209,1.314099505860792
379,G,0.0,0.0,0.17117117117117117,0.7392126027368716,0.9103837739080428
380,A,0.0,0.0,0.17117117117117117,0.5584923419887062,0.7296635131598774
381,C,0.0,0.0,0.17117117117117117,1.6221381206764085,1.7933092918475797
382,A,0.0,0.0,0.17117117117117117,0.35586746273281294,0.5270386339039841
383,A,0.0,0.0,0.17117117117117117,0.7838663974687715,0.9550375686399427
384,G,0.0,0.0,0.2882882882882883,0.8457486664217805,1.1340369547100688
385,T,0.0,0.0,0.2882882882882883,0.2823780016837183,0.5706662899720065
386,G,0.0,0.0,0.2882882882882883,0.3100868364730112,0.5983751247612995
387,T,0.0,0.0,0.2882882882882883,0.43043239309807996,0.7187206813863682
388,T,0.0,0.0,0.2882882882882883,0.3458410093559467,0.634129297644235
389,A,0.0,0.0,0.2882882882882883,0.32845079533027466,0.6167390836185629
390,T,0.0,0.0,0.2882882882882883,0.6163805262138641,0.9046688145021524
391,C,0.0,0.0,0.2882882882882883,0.3248610613681486,0.6131493496564369
392,A,0.0,0.0,0.2882882882882883,0.3424336256743633,0.6307219139626516
393,A,0.0,0.0,0.2882882882882883,4.0604022943231675,4.3486905826114555
394,T,0.0,0.0,0.2882882882882883,0.29852671383695295,0.5868150021252412
395,T,0.0,0.0,0.2882882882882883,0.2945725430423548,0.5828608313306431
396,T,0.0,0.0,0.2882882882882883,0.7898274445219475,1.0781157328102358
397,G,0.0,0.0,0.2882882882882883,0.3424336256743633,0.6307219139626516
398,C,0.0,0.0,0.26126126126126126,0.32845079533027466,0.5897120565915359
399,C,0.0,0.0,0.26126126126126126,0.8016165655716391,1.0628778268329002
400,C,0.0,0.0,0.26126126126126126,0.3175598804533406,0.5788211417146019
401,T,0.0,0.0,0.26126126126126126,0.30628194591583424,0.5675432071770955
402,T,0.0,0.0,0.26126126126126126,0.5730010526857521,0.8342623139470133
403,G,0.0,0.0,0.26126126126126126,0.33899199434889316,0.6002532556101544
404,G,0.0,0.0,0.26126126126126126,0.33899199434889316,0.6002532556101544
405,A,0.0,0.0,0.26126126126126126,1.483176450304956,1.7444377115662173
406,C,0.0,0.0,0.26126126126126126,0.28650052634286727,0.5477617876041285
407,A,0.0,0.0,0.26126126126126126,0.290564566584761,0.5518258278460222
408,G,0.0,0.0,0.26126126126126126,1.7440598729760741,2.0053211342373354
409,G,0.0,0.0,0.26126126126126126,0.3355150614693624,0.5967763227306236
410,G,0.0,0.0,0.26126126126126126,0.27819439260172013,0.5394556538629813
411,A,0.0,0.0,0.26126126126126126,0.7823690390862997,1.0436303003475609
412,A,0.0,0.0,0.4144144144144144,0.33899199434889316,0.7534064087633076
413,C,0.0,0.0,0.4144144144144144,0.3100868364730112,0.7245012508874256
414,A,0.0,0.0,0.4144144144144144,0.47940707594411874,0.8938214903585331
415,A,0.0,0.0,0.4144144144144144,0.3355150614693624,0.7499294758837768
416,C,0.0,0.0,0.4144144144144144,0.33200171793672995,0.7464161323511443
417,A,0.0,0.0,0.4144144144144144,0.5260565175551767,0.9404709319695911
418,C,0.0,0.0,0.4144144144144144,1.4300448043991874,1.8444592188136018
419,T,0.0,0.0,0.4144144144144144,0.30242918945455644,0.7168436038689708
420,A,0.0,0.0,0.4144144144144144,0.46701720061047003,0.8814316150248844
421,A,0.0,0.0,0.4144144144144144,0.505597189295619,0.9200116037100334
422,A,0.0,0.0,0.4144144144144144,0.5709509529014992,0.9853653673159136
423,C,0.0,0.0,0.4144144144144144,1.3559679773956022,1.7703823918100166
424,A,0.0,0.0,0.4144144144144144,0.3424336256743633,0.7568480400887777
425,A,0.0,0.0,0.4144144144144144,0.290564566584761,0.7049789809991753
426,T,0.0,0.0,0.43243243243243246,4.376189197799191,4.808621630231624
427,G,0.0,0.0,0.43243243243243246,0.750234484920528,1.1826669173529605
428,T,0.0,0.0,0.43243243243243246,1.270239521813398,1.7026719542458304
429,G,0.0,0.0,0.43243243243243246,1.1682960122471702,1.6007284446796026
430,C,0.0,0.0,0.43243243243243246,0.31384560203018613,0.7462780344626185
431,A,0.0,0.0,0.43243243243243246,0.30628194591583424,0.7387143783482667
432,T,0.0,0.0,0.43243243243243246,0.5605880054192026,0.9930204378516351
433,T,0.0,0.0,0.43243243243243246,0.2945725430423548,0.7270049754747873
434,C,0.0,0.0,0.43243243243243246,0.290564566584761,0.7229969990171934
435,A,0.0,0.0,0.43243243243243246,4.070785496571815,4.503217929004247
436,A,0.0,0.0,0.43243243243243246,0.3100868364730112,0.7425192689054436
437,A,0.0,0.0,0.43243243243243246,0.30242918945455644,0.7348616218869889
438,T,0.0,0.0,0.43243243243243246,0.899499548164539,1.3319319805969716
439,A,0.0,0.0,0.43243243243243246,1.2609743396192605,1.693406772051693
440,A,0.0,0.0,0.15315315315315314,0.45942291887376496,0.6125760720269181
441,C,0.0,0.0,0.15315315315315314,0.43043239309807996,0.5835855462512332
442,A,0.0,0.0,0.15315315315315314,0.290564566584761,0.44371771973791413
443,C,0.0,0.0,0.15315315315315314,0.32845079533027466,0.4816039484834278
444,A,0.0,0.0,0.15315315315315314,1.4592655378455663,1.6124186909987195
445,G,0.0,0.0,0.15315315315315314,0.6916820187119078,0.844835171865061
446,T,0.0,0.0,0.15315315315315314,0.5009372079452075,0.6540903610983606
447,A,0.0,0.0,0.15315315315315314,1.0598860075348198,1.213039160687973
448,C,0.0,0.0,0.15315315315315314,0.5584923419887062,0.7116454951418594
449,G,0.0,0.0,0.15315315315315314,6.734024942963738,6.887178096116891
450,T,0.0,0.0,0.15315315315315314,0.5079111473313812,0.6610643004845344
451,G,0.0,0.0,0.15315315315315314,0.4221805274389026,0.5753336805920557
452,A,0.0,0.0,0.15315315315315314,0.3843807914952827,0.5375339446484358
453,T,0.0,0.0,0.15315315315315314,0.5668285094271723,0.7199816625803255
454,A,0.0,0.0,0.07207207207207207,0.30242918945455644,0.3745012615266285
455,G,0.0,0.0,0.07207207207207207,0.30628194591583424,0.3783540179879063
456,A,0.0,0.0,0.07207207207207207,4.121455780254457,4.193527852326529
457,A,0.0,0.0,0.07207207207207207,0.33899199434889316,0.4110640664209652
458,C,0.0,0.0,0.07207207207207207,0.43043239309807996,0.502504465170152
459,C,0.0,0.0,0.07207207207207207,0.5950861952165669,0.667158267288639
460,C,0.0,0.0,0.07207207207207207,0.41092035080924133,0.4829924228813134
461,C,0.0,0.0,0.07207207207207207,0.28650052634286727,0.3585725984149393
462,T,0.0,0.0,0.07207207207207207,0.7017801005788636,0.7738521726509358
463,T,0.0,0.0,0.07207207207207207,0.523822721827175,0.5958947938992472
464,A,0.0,0.0,0.07207207207207207,0.3175598804533406,0.38963195252541266
465,T,0.0,0.0,0.07207207207207207,4.211794392833616,4.283866464905688
466,C,0.0,0.0,0.07207207207207207,0.47448995031042546,0.5465620223824975
467,G,0.0,0.0,0.07207207207207207,0.29852671383695295,0.370598785909025
468,G,0.0,0.0,0.2882882882882883,1.4357731899252264,1.7240614782135146
469,A,0.0,0.0,0.2882882882882883,0.29852671383695295,0.5868150021252412
470,C,0.0,0.0,0.2882882882882883,0.30242918945455644,0.5907174777428448
471,T,0.0,0.0,0.2882882882882883,1.2940185673060607,1.582306855594349
472,C,0.0,0.0,0.2882882882882883,0.523822721827175,0.8121110101154634
473,T,0.0,0.0,0.2882882882882883,0.3100868364730112,0.5983751247612995
474,A,0.0,0.0,0.2882882882882883,0.5871513575713931,0.8754396458596814
475,T,0.0,0.0,0.2882882882882883,1.321811537658898,1.6100998259471861
476,T,0.0,0.0,0.2882882882882883,0.28650052634286727,0.5747888146311555
477,G,0.0,0.0,0.2882882882882883,0.8045368541705035,1.0928251424587918
478,A,0.0,0.0,0.2882882882882883,0.28650052634286727,0.5747888146311555
479,T,0.0,0.0,0.2882882882882883,0.30242918945455644,0.5907174777428448
480,G,0.0,0.0,0.2882882882882883,0.33899199434889316,0.6272802826371815
481,A,0.0,0.0,0.2882882882882883,0.32845079533027466,0.6167390836185629
482,A,0.0,0.0,0.32432432432432434,0.43314808182420705,0.7574724061485314
483,T,0.0,0.0,0.32432432432432434,0.4080567594702237,0.732381083794548
484,G,0.0,0.0,0.32432432432432434,0.2823780016837183,0.6067023260080426
485,A,0.0,0.0,0.32432432432432434,0.29852671383695295,0.6228510381612773
486,G,0.0,0.0,0.32432432432432434,1.6068859796496886,1.931210303974013
487,T,0.0,0.0,0.32432432432432434,0.35914741651825927,0.6834717408425837
488,T,0.0,0.0,0.32432432432432434,0.27819439260172013,0.6025187169260444
489,G,0.0,0.0,0.32432432432432434,0.6314164071153678,0.9557407314396922
490,G,0.0,0.0,0.32432432432432434,0.3525569957780444,0.6768813201023687
491,G,0.0,0.0,0.32432432432432434,0.32845079533027466,0.652775119654599
492,T,0.0,0.0,0.32432432432432434,0.4542895407851583,0.7786138651094827
493,G,0.0,0.0,0.32432432432432434,0.4080567594702237,0.732381083794548
494,T,0.0,0.0,0.32432432432432434,0.32845079533027466,0.652775119654599
495,T,0.0,0.0,0.32432432432432434,1.0363922124423988,1.360716536766723
496,C,0.0,0.0,0.16216216216216217,0.30628194591583424,0.4684441080779964
497,C,0.0,0.0,0.16216216216216217,0.30242918945455644,0.4645913516167186
498,T,0.0,0.0,0.16216216216216217,1.3875958124889143,1.5497579746510763
499,T,0.0,0.0,0.16216216216216217,0.2945725430423548,0.456734705204517
500,T,0.0,0.0,0.16216216216216217,0.3355150614693624,0.49767722363152456
501,C,0.0,0.0,0.16216216216216217,1.8383296521417778,2.00049181430394
502,C,0.0,0.0,0.16216216216216217,0.3525569957780444,0.5147191579402066
503,A,0.0,0.0,0.16216216216216217,0.27819439260172013,0.4403565547638823
504,T,0.0,0.0,0.16216216216216217,0.5125077219937081,0.6746698841558703
505,C,0.0,0.0,0.16216216216216217,4.247833572102981,4.409995734265143
506,T,0.0,0.0,0.16216216216216217,0.29852671383695295,0.4606888759991151
507,G,0.0,0.0,0.16216216216216217,0.6424624298226161,0.8046245919847783
508,G,0.0,0.0,0.16216216216216217,0.3212312149113003,0.48339337707346247
509,G,0.0,0.0,0.16216216216216217,0.32845079533027466,0.49061295749243683
510,G,0.0,0.0,0.11711711711711711,1.2885700438756635,1.4056871609927806
511,A,0.0,0.0,0.11711711711711711,0.3355150614693624,0.4526321785864795
512,C,0.0,0.0,0.11711711711711711,0.30628194591583424,0.4233990630329514
513,C,0.0,0.0,0.11711711711711711,0.7913106898557103,0.9084278069728274
514,A,0.0,0.0,0.11711711711711711,0.33899199434889316,0.4561091114660103
515,A,0.0,0.0,0.11711711711711711,1.2327610524277324,1.3498781695448494
516,G,0.0,0.0,0.11711711711711711,0.5584923419887062,0.6756094591058234
517,C,0.0,0.0,0.11711711711711711,0.3492151478847818,0.46633226500189895
518,A,0.0,0.0,0.11711711711711711,0.3248610613681486,0.44197817848526566
519,A,0.0,0.0,0.11711711711711711,0.7247953712644486,0.8419124883815657
520,G,0.0,0.0,0.11711711711711711,0.33200171793672995,0.4491188350538471
521,T,0.0,0.0,0.11711711711711711,0.3175598804533406,0.43467699757045775
522,G,0.0,0.0,0.11711711711711711,0.8526528517242349,0.969769968841352
523,T,0.0,0.0,0.11711711711711711,0.35586746273281294,0.47298457984993003
524,G,0.0,0.0,0.08108108108108109,0.3458410093559467,0.4269220904370278
525,C,0.0,0.0,0.08108108108108109,0.7595545253127455,0.8406356063938265
526,A,0.0,0.0,0.08108108108108109,0.3904344047215102,0.4715154858025913
527,T,0.0,0.0,0.08108108108108109,0.3458410093559467,0.4269220904370278
528,A,0.0,0.0,0.08108108108108109,0.5079111473313812,0.5889922284124622
529,G,0.0,0.0,0.08108108108108109,0.3175598804533406,0.3986409615344217
530,C,0.0,0.0,0.08108108108108109,0.2945725430423548,0.3756536241234359
531,A,0.0,0.0,0.08108108108108109,0.6239437603943805,0.7050248414754616
532,T,0.0,0.0,0.08108108108108109,0.30242918945455644,0.3835102705356375
533,G,0.0,0.0,0.08108108108108109,0.30628194591583424,0.3873630269969153
534,G,0.0,0.0,0.08108108108108109,0.3100868364730112,0.3911679175540923
535,T,0.0,0.0,0.08108108108108109,0.3100868364730112,0.3911679175540923
536,C,0.0,0.0,0.08108108108108109,0.30628194591583424,0.3873630269969153
537,C,0.0,0.0,0.08108108108108109,0.6797113392392612,0.7607924203203422
538,A,0.0,0.0,0.14414414414414414,0.32845079533027466,0.4725949394744188
539,G,0.0,0.0,0.14414414414414414,0.3458410093559467,0.48998515350009086
540,C,0.0,0.0,0.14414414414414414,4.222360738541767,4.366504882685912
541,T,0.0,0.0,0.14414414414414414,0.43852900965351194,0.582673153797656
542,C,0.0,0.0,0.14414414414414414,0.3175598804533406,0.4617040245974847
543,A,0.0,0.0,0.14414414414414414,0.44384470688224953,0.5879888510263936
544,A,0.0,0.0,0.14414414414414414,0.33200171793672995,0.47614586208087406
545,G,0.0,0.0,0.14414414414414414,0.3424336256743633,0.4865777698185074
546,T,0.0,0.0,0.14414414414414414,0.6479148254308817,0.7920589695750259
547,T,0.0,0.0,0.14414414414414414,0.3100868364730112,0.4542309806171554
548,G,0.0,0.0,0.14414414414414414,0.31384560203018613,0.4579897461743303
549,T,0.0,0.0,0.14414414414414414,0.6442850219378299,0.788429166081974
550,C,0.0,0.0,0.14414414414414414,0.9685485552825733,1.1126926994267174
551,A,0.0,0.0,0.14414414414414414,0.30628194591583424,0.45042609005997836
552,C,0.0,0.0,0.21621621621621623,0.9239364353597924,1.1401526515760088
553,G,0.0,0.0,0.21621621621621623,0.30628194591583424,0.5224981621320505
554,A,0.0,0.0,0.21621621621621623,0.2945725430423548,0.510788759258571
555,T,0.0,0.0,0.21621621621621623,0.5851508360568922,0.8013670522731084
556,G,0.0,0.0,0.21621621621621623,0.3100868364730112,0.5263030526892274
557,G,0.0,0.0,0.21621621621621623,0.2945725430423548,0.510788759258571
558,A,0.0,0.0,0.21621621621621623,1.3620079537364198,1.578224169952636
559,A,0.0,0.0,0.21621621621621623,0.30242918945455644,0.5186454056707727
560,A,0.0,0.0,0.21621621621621623,0.3934262829935108,0.609642499209727
561,A,0.0,0.0,0.21621621621621623,0.45942291887376496,0.6756391350899812
562,G,0.0,0.0,0.21621621621621623,0.35914741651825927,0.5753636327344755
563,C,0.0,0.0,0.21621621621621623,0.3458410093559467,0.562057225572163
564,A,0.0,0.0,0.21621621621621623,0.4938647983247946,0.7100810145410108
565,T,0.0,0.0,0.21621621621621623,0.3175598804533406,0.5337760966695568
566,G,0.0,0.0,0.27927927927927926,0.3212312149113003,0.6005104941905796
567,G,0.0,0.0,0.27927927927927926,0.30242918945455644,0.5817084687338356
568,C,0.0,0.0,0.27927927927927926,0.5990141995454115,0.8782934788246908
569,T,0.0,0.0,0.27927927927927926,0.30242918945455644,0.5817084687338356
570,G,0.0,0.0,0.27927927927927926,0.6067939306687485,0.8860732099480277
571,C,0.0,0.0,0.27927927927927926,0.3355150614693624,0.6147943407486416
572,A,0.0,0.0,0.27927927927927926,0.33899199434889316,0.6182712736281724
573,T,0.0,0.0,0.27927927927927926,0.3843807914952827,0.6636600707745619
574,G,0.0,0.0,0.27927927927927926,0.47201217906505333,0.7512914583443326
575,T,0.0,0.0,0.27927927927927926,0.3175598804533406,0.5968391597326199
576,T,0.0,0.0,0.27927927927927926,0.3993427996969396,0.6786220789762188
577,T,0.0,0.0,0.27927927927927926,0.3424336256743633,0.6217129049536425
578,G,0.0,0.0,0.27927927927927926,0.32845079533027466,0.607730074609554
579,T,0.0,0.0,0.27927927927927926,1.141901905803007,1.4211811850822864
580,A,0.0,0.0,0.42342342342342343,0.6314164071153678,1.0548398305387914
581,T,0.0,0.0,0.42342342342342343,0.3175598804533406,0.740983303876764
582,A,0.0,0.0,0.42342342342342343,0.4938647983247946,0.917288221748218
583,A,0.0,0.0,0.42342342342342343,0.3688123019522126,0.792235725375636
584,C,0.0,0.0,0.42342342342342343,0.30628194591583424,0.7297053693392577
585,G,0.0,0.0,0.42342342342342343,1.5283438411596062,1.9517672645830295
586,G,0.0,0.0,0.42342342342342343,0.35586746273281294,0.7792908861562364
587,G,0.0,0.0,0.42342342342342343,0.33200171793672995,0.7554251413601534
588,G,0.0,0.0,0.42342342342342343,1.1551743450036405,1.578597768427064
589,G,0.0,0.0,0.42342342342342343,0.5102146110641383,0.9336380344875618
590,A,0.0,0.0,0.42342342342342343,0.3782303019997737,0.8016537254231971
591,T,0.0,0.0,0.42342342342342343,0.5730010526857521,0.9964244761091755
592,G,0.0,0.0,0.42342342342342343,0.3458410093559467,0.7692644327793701
593,A,0.0,0.0,0.42342342342342343,0.3100868364730112,0.7335102598964347
594,T,0.0,0.0,0.3783783783783784,0.6048583789091294,0.9832367572875078
595,A,0.0,0.0,0.3783783783783784,0.6106466292514272,0.9890250076298056
596,A,0.0,0.0,0.3783783783783784,0.532701705405408,0.9110800837837864
597,A,0.0,0.0,0.3783783783783784,0.6984302957695778,1.0768086741479563
598,A,0.0,0.0,0.3783783783783784,0.3688123019522126,0.747190680330591
599,A,0.0,0.0,0.3783783783783784,0.3525569957780444,0.7309353741564228
600,T,0.0,0.0,0.3783783783783784,0.3874194221130247,0.7657978004914031
601,G,0.0,0.0,0.3783783783783784,0.3100868364730112,0.6884652148513897
602,C,0.0,0.0,0.3783783783783784,0.3100868364730112,0.6884652148513897
603,A,0.0,0.0,0.3783783783783784,0.505597189295619,0.8839755676739974
604,A,0.0,0.0,0.3783783783783784,0.35586746273281294,0.7342458411111914
605,C,0.0,0.0,0.3783783783783784,0.33899199434889316,0.7173703727272716
606,T,0.0,0.0,0.3783783783783784,0.5709509529014992,0.9493293312798776
607,G,0.0,0.0,0.3783783783783784,0.3212312149113003,0.6996095932896786
608,C,0.0,0.0,0.23423423423423423,0.32845079533027466,0.5626850295645089
609,T,0.0,0.0,0.23423423423423423,0.5102146110641383,0.7444488452983726
610,A,0.0,0.0,0.23423423423423423,0.35914741651825927,0.5933816507524935
611,G,0.0,0.0,0.23423423423423423,0.3688123019522126,0.6030465361864468
612,C,0.0,0.0,0.23423423423423423,0.6899846369663096,0.9242188712005439
613,T,0.0,0.0,0.23423423423423423,0.5147906184683536,0.7490248527025878
614,T,0.0,0.0,0.23423423423423423,0.31384560203018613,0.5480798362644204
615,C,0.0,0.0,0.23423423423423423,0.6533217188282354,0.8875559530624697
616,A,0.0,0.0,0.23423423423423423,0.33200171793672995,0.5662359521709641
617,T,0.0,0.0,0.23423423423423423,0.3525569957780444,0.5867912300122786
618,T,0.0,0.0,0.23423423423423423,0.4769548497556556,0.7111890839898898
619,T,0.0,0.0,0.23423423423423423,0.3212312149113003,0.5554654491455345
620,A,0.0,0.0,0.23423423423423423,0.3212312149113003,0.5554654491455345
621,C,0.0,0.0,0.23423423423423423,0.5102146110641383,0.7444488452983726
622,A,0.0,0.0,0.25225225225225223,0.41939382683670967,0.6716460790889619
623,A,0.0,0.0,0.25225225225225223,0.31384560203018613,0.5660978542824384
624,T,0.0,0.0,0.25225225225225223,0.4221805274389026,0.6744327796911549
625,G,0.0,0.0,0.25225225225225223,0.3212312149113003,0.5734834671635525
626,G,0.0,0.0,0.25225225225225223,0.3904344047215102,0.6426866569737624
627,G,0.0,0.0,0.25225225225225223,0.7868525659870278,1.03910481823928
628,A,0.0,0.0,0.25225225225225223,0.3212312149113003,0.5734834671635525
629,G,0.0,0.0,0.25225225225225223,0.7823690390862997,1.034621291338552
630,G,0.0,0.0,0.25225225225225223,0.5032725922040461,0.7555248444562983
631,C,0.0,0.0,0.25225225225225223,0.43314808182420705,0.6854003340764593
632,T,0.0,0.0,0.25225225225225223,0.3248610613681486,0.5771133136204007
633,T,0.0,0.0,0.25225225225225223,1.1723039005616418,1.424556152813894
634,G,0.0,0.0,0.25225225225225223,0.44647882322372245,0.6987310754759747
635,T,0.0,0.0,0.25225225225225223,0.43584684987715583,0.6880991021294081
636,A,0.0,0.0,0.22522522522522523,1.5511903073465871,1.7764155325718123
637,G,0.0,0.0,0.22522522522522523,0.32845079533027466,0.5536760205554999
638,A,0.0,0.0,0.22522522522522523,0.32845079533027466,0.5536760205554999
639,T,0.0,0.0,0.22522522522522523,0.9477434441991726,1.1729686694243977
640,A,0.0,0.0,0.22522522522522523,0.3355150614693624,0.5607402866945876
641,G,0.0,0.0,0.22522522522522523,0.3492151478847818,0.5744403731100071
642,T,0.0,0.0,0.22522522522522523,0.5457493944118765,0.7709746196371018
643,G,0.0,0.0,0.22522522522522523,2.3164312332846357,2.541656458509861
644,T,0.0,0.0,0.22522522522522523,0.3355150614693624,0.5607402866945876
645,T,0.0,0.0,0.22522522522522523,4.048834173110927,4.274059398336152
646,G,0.0,0.0,0.22522522522522523,0.3751172424602606,0.6003424676854858
647,T,0.0,0.0,0.22522522522522523,1.729883033493444,1.9551082587186692
648,T,0.0,0.0,0.22522522522522523,0.6497221227363126,0.8749473479615378
649,T,0.0,0.0,0.22522522522522523,0.35586746273281294,0.5810926879580381
650,C,0.0,0.0,0.2072072072072072,0.33899199434889316,0.5461992015561004
651,A,0.0,0.0,0.2072072072072072,0.5688934652984511,0.7761006725056583
652,T,0.0,0.0,0.2072072072072072,0.3100868364730112,0.5172940436802185
653,G,0.0,0.0,0.2072072072072072,0.3100868364730112,0.5172940436802185
654,G,0.0,0.0,0.2072072072072072,0.33200171793672995,0.5392089251439371
655,T,0.0,0.0,0.2072072072072072,0.35914741651825927,0.5663546237254664
656,C,0.0,0.0,0.2072072072072072,0.3843807914952827,0.5915879987024899
657,C,0.0,0.0,0.2072072072072072,0.6314164071153678,0.838623614322575
658,A,0.0,0.0,0.2072072072072072,0.4890930458559905,0.6963002530631976
659,A,0.0,0.0,0.2072072072072072,0.4890930458559905,0.6963002530631976
660,C,0.0,0.0,0.2072072072072072,1.7460757394239432,1.9532829466311505
661,G,0.0,0.0,0.2072072072072072,2.22555514081386,2.4327623480210674
662,A,0.0,0.0,0.2072072072072072,0.41092035080924133,0.6181275580164485
663,T,0.0,0.0,0.2072072072072072,0.830357413043245,1.037564620250452
664,A,0.0,0.0,0.24324324324324326,0.5990141995454115,0.8422574427886547
665,T,0.0,0.0,0.24324324324324326,0.3874194221130247,0.6306626653562679
666,T,0.0,0.0,0.24324324324324326,1.351637183908119,1.5948804271513621
667,C,0.0,0.0,0.24324324324324326,0.3993427996969396,0.6425860429401828
668,T,0.0,0.0,0.24324324324324326,0.35586746273281294,0.5991107059760562
669,C,0.0,0.0,0.24324324324324326,1.4242933799853739,1.667536623228617
670,A,0.0,0.0,0.24324324324324326,0.3843807914952827,0.627624034738526
671,G,0.0,0.0,0.24324324324324326,0.3458410093559467,0.58908425259919
672,A,0.0,0.0,0.24324324324324326,4.196453876871869,4.439697120115112
673,A,0.0,0.0,0.24324324324324326,0.37197813085064557,0.6152213740938888
674,C,0.0,0.0,0.24324324324324326,0.33899199434889316,0.5822352375921365
675,C,0.0,0.0,0.24324324324324326,1.0250154439874308,1.268258687230674
676,C,0.0,0.0,0.24324324324324326,0.33899199434889316,0.5822352375921365
677,A,0.0,0.0,0.24324324324324326,0.33899199434889316,0.5822352375921365
678,G,0.0,0.0,0.5315315315315315,1.3341734376482204,1.865704969179752
679,G,0.0,0.0,0.5315315315315315,0.37197813085064557,0.9035096623821771
680,A,0.0,0.0,0.5315315315315315,0.35914741651825927,0.8906789480497908
681,G,0.0,0.0,0.5315315315315315,4.1200329695032325,4.651564501034764
682,T,0.0,0.0,0.5315315315315315,0.35914741651825927,0.8906789480497908
683,C,0.0,0.0,0.5315315315315315,0.3492151478847818,0.8807466794163133
684,A,0.0,0.0,0.5315315315315315,1.270239521813398,1.8017710533449294
685,G,0.0,0.0,0.5315315315315315,0.36239768563222086,0.8939292171637524
686,A,0.0,0.0,0.5315315315315315,0.36561906174519954,0.8971505932767311
687,A,0.0,0.0,0.5315315315315315,0.7439562617012979,1.2754877932328295
688,T,0.0,0.0,0.5315315315315315,0.36561906174519954,0.8971505932767311
689,G,0.0,0.0,0.5315315315315315,0.3688123019522126,0.9003438334837441
690,C,0.0,0.0,0.5315315315315315,0.9465053725482281,1.4780369040797596
691,G,0.0,0.0,0.5315315315315315,0.4938647983247946,1.025396329856326
692,T,0.0,0.0,0.6486486486486487,0.41092035080924133,1.05956899945789
693,T,0.0,0.0,0.6486486486486487,0.5688934652984511,1.2175421139470997
694,T,0.0,0.0,0.6486486486486487,0.3688123019522126,1.0174609506008614
695,G,0.0,0.0,0.6486486486486487,0.3688123019522126,1.0174609506008614
696,T,0.0,0.0,0.6486486486486487,0.6831529376429044,1.331801586291553
697,A,0.0,0.0,0.6486486486486487,0.42494895400323085,1.0735976026518794
698,T,0.0,0.0,0.6486486486486487,0.3688123019522126,1.0174609506008614
699,C,0.0,0.0,0.6486486486486487,1.2497654564197356,1.8984141050683843
700,A,0.0,0.0,0.6486486486486487,0.7360331789568457,1.3846818276054944
701,A,0.0,0.0,0.6486486486486487,0.3904344047215102,1.039083053370159
702,T,0.0,0.0,0.6486486486486487,0.43043239309807996,1.0790810417467287
703,G,0.0,0.0,0.6486486486486487,0.43043239309807996,1.0790810417467287
704,G,0.0,0.0,0.6486486486486487,0.3688123019522126,1.0174609506008614
705,A,0.0,0.0,0.6486486486486487,0.9489799006208509,1.5976285492694995
706,A,0.0,0.0,0.3333333333333333,0.37197813085064557,0.7053114641839788
707,C,0.0,0.0,0.3333333333333333,0.4542895407851583,0.7876228741184916
708,T,0.0,0.0,0.3333333333333333,1.0796167063571218,1.412950039690455
709,T,0.0,0.0,0.3333333333333333,0.35914741651825927,0.6924807498515926
710,G,0.0,0.0,0.3333333333333333,0.35914741651825927,0.6924807498515926
711,T,0.0,0.0,0.3333333333333333,0.5990141995454115,0.9323475328787447
712,A,0.0,0.0,0.3333333333333333,4.6510504371438,4.984383770477133
713,C,0.0,0.0,0.3333333333333333,0.5032725922040461,0.8366059255373794
714,A,0.0,0.0,0.3333333333333333,0.5950861952165669,0.9284195285499002
715,G,0.0,0.0,0.3333333333333333,0.4137641241928063,0.7470974575261395
716,T,0.0,0.0,0.3333333333333333,0.38131794753288234,0.7146512808662157
717,A,0.0,0.0,0.3333333333333333,1.4902749157715365,1.8236082491048697
718,G,0.0,0.0,0.3333333333333333,0.48427427764128667,0.81760761097462
719,T,0.0,0.0,0.3333333333333333,0.32845079533027466,0.6617841286636079
720,A,0.0,0.0,0.3063063063063063,1.2976382067326122,1.6039445130389185
721,A,0.0,0.0,0.3063063063063063,0.36239768563222086,0.6687039919385271
722,T,0.0,0.0,0.3063063063063063,0.3458410093559467,0.652147315662253
723,G,0.0,0.0,0.3063063063063063,0.469521332237301,0.7758276385436074
724,A,0.0,0.0,0.3063063063063063,0.35914741651825927,0.6654537228245656
725,C,0.0,0.0,0.3063063063063063,0.33200171793672995,0.6383080242430362
726,T,0.0,0.0,0.3063063063063063,4.054043912567813,4.360350218874119
727,G,0.0,0.0,0.3063063063063063,0.33200171793672995,0.6383080242430362
728,A,0.0,0.0,0.3063063063063063,0.32845079533027466,0.634757101636581
729,T,0.0,0.0,0.3063063063063063,0.4818468223669634,0.7881531286732697
730,G,0.0,0.0,0.3063063063063063,0.3492151478847818,0.6555214541910881
731,G,0.0,0.0,0.3063063063063063,0.33200171793672995,0.6383080242430362
732,A,0.0,0.0,0.3063063063063063,1.0774422495547964,1.3837485558611027
733,A,0.0,0.0,0.3063063063063063,0.4080567594702237,0.71436306577653
734,A,0.0,0.0,0.4144144144144144,1.32800687174695,1.7424212861613644
735,T,0.0,0.0,0.4144144144144144,1.2922049454374993,1.7066193598519137
736,G,0.0,0.0,0.4144144144144144,0.451700975322104,0.8661153897365184
737,C,0.0,0.0,0.4144144144144144,0.43314808182420705,0.8475624962386215
738,T,0.0,0.0,0.4144144144144144,0.907287568363697,1.3217019827781114
739,A,0.0,0.0,0.4144144144144144,1.3332942458310617,1.747708660245476
740,C,0.0,0.0,0.4144144144144144,0.45942291887376496,0.8738373332881794
741,A,0.0,0.0,0.4144144144144144,1.2912971792942476,1.705711593708662
742,G,0.0,0.0,0.4144144144144144,0.4022684270852486,0.816682841499663
743,G,0.0,0.0,0.4144144144144144,0.44384470688224953,0.8582591212966639
744,A,0.0,0.0,0.4144144144144144,1.3297716657106287,1.744186080125043
745,A,0.0,0.0,0.4144144144144144,0.47448995031042546,0.8889043647248398
746,A,0.0,0.0,0.4144144144144144,0.7166604854511793,1.1310748998655937
747,A,0.0,0.0,0.4144144144144144,1.3499009761472767,1.764315390561691
748,G,0.0,0.0,0.3963963963963964,0.3525569957780444,0.7489533921744408
749,C,0.0,0.0,0.3963963963963964,0.3424336256743633,0.7388300220707598
750,T,0.0,0.0,0.3963963963963964,0.7439562617012979,1.1403526580976944
751,G,0.0,0.0,0.3963963963963964,0.4644995693283149,0.8608959657247113
752,A,0.0,0.0,0.3963963963963964,0.3782303019997737,0.77462669839617
753,T,0.0,0.0,0.3963963963963964,0.7808688094430267,1.177265205839423
754,A,0.0,0.0,0.3963963963963964,0.3424336256743633,0.7388300220707598
755,C,0.0,0.0,0.3963963963963964,0.36561906174519954,0.7620154581415959
756,T,0.0,0.0,0.3963963963963964,1.1782901721694619,1.5746865685658582
757,A,0.0,0.0,0.3963963963963964,0.3492151478847818,0.7456115442811782
758,A,0.0,0.0,0.3963963963963964,0.7312381234904058,1.1276345198868023
759,A,0.0,0.0,0.3963963963963964,0.5170634357821872,0.9134598321785836
760,A,0.0,0.0,0.3963963963963964,0.3492151478847818,0.7456115442811782
761,T,0.0,0.0,0.3963963963963964,0.30242918945455644,0.6988255858509529
762,A,0.0,0.0,0.4864864864864865,0.35586746273281294,0.8423539492192995
763,C,0.0,0.0,0.4864864864864865,1.3731545692016323,1.8596410556881189
764,T,0.0,0.0,0.4864864864864865,0.31384560203018613,0.8003320885166727
765,A,0.0,0.0,0.4864864864864865,4.059535828695849,4.546022315182336
766,T,0.0,0.0,0.4864864864864865,0.33899199434889316,0.8254784808353797
767,T,0.0,0.0,0.4864864864864865,0.3424336256743633,0.8289201121608498
768,C,0.0,0.0,0.4864864864864865,0.44119486405390085,0.9276813505403874
769,A,0.0,0.0,0.4864864864864865,0.5911320903297588,1.0776185768162452
770,T,0.0,0.0,0.4864864864864865,0.3782303019997737,0.8647167884862602
771,T,0.0,0.0,0.4864864864864865,0.6314164071153678,1.1179028936018542
772,G,0.0,0.0,0.4864864864864865,0.7215524226878252,1.2080389091743116
773,A,0.0,0.0,0.4864864864864865,0.6163805262138641,1.1028670127003506
774,G,0.0,0.0,0.4864864864864865,1.5337051239170618,2.020191610403548
775,G,0.0,0.0,0.4864864864864865,0.37197813085064557,0.8584646173371321
776,A,0.0,0.0,0.36936936936936937,0.3175598804533406,0.68692924982271
777,G,0.0,0.0,0.36936936936936937,0.6067939306687485,0.9761633000381179
778,G,0.0,0.0,0.36936936936936937,0.33899199434889316,0.7083613637182625
779,G,0.0,0.0,0.36936936936936937,0.3248610613681486,0.694230430737518
780,G,0.0,0.0,0.36936936936936937,0.8553989227683011,1.2247682921376706
781,A,0.0,0.0,0.36936936936936937,0.3525569957780444,0.7219263651474137
782,A,0.0,0.0,0.36936936936936937,1.0431587187817346,1.412528088151104
783,A,0.0,0.0,0.36936936936936937,0.5125077219937081,0.8818770913630775
784,A,0.0,0.0,0.36936936936936937,0.5791078083211536,0.948477177690523
785,T,0.0,0.0,0.36936936936936937,0.30242918945455644,0.6717985588239258
786,C,0.0,0.0,0.36936936936936937,0.7471019681705237,1.1164713375398931
787,G,0.0,0.0,0.36936936936936937,4.247005346006246,4.616374715375615
788,T,0.0,0.0,0.36936936936936937,0.36561906174519954,0.7349884311145689
789,T,0.0,0.0,0.36936936936936937,0.8981949796054084,1.2675643489747777
790,C,0.0,0.0,0.35135135135135137,0.5647560033674542,0.9161073547188057
791,A,0.0,0.0,0.35135135135135137,0.32845079533027466,0.679802146681626
792,T,0.0,0.0,0.35135135135135137,0.7702853933718463,1.1216367447231976
793,A,0.0,0.0,0.35135135135135137,0.6442850219378299,0.9956363732891813
794,C,0.0,0.0,0.35135135135135137,1.5988386967534873,1.9501900481048386
795,T,0.0,0.0,0.35135135135135137,2.891080934201784,3.2424322855531353
796,A,0.0,0.0,0.35135135135135137,0.3874194221130247,0.738770773464376
797,G,0.0,0.0,0.35135135135135137,0.3688123019522126,0.720163653303564
798,C,0.0,0.0,0.35135135135135137,1.0100340863231796,1.361385437674531
799,A,0.0,0.0,0.35135135135135137,0.5911320903297588,0.9424834416811101
800,A,0.0,0.0,0.35135135135135137,1.2450653064240367,1.596416657775388
801,A,0.0,0.0,0.35135135135135137,1.2431802708139637,1.594531622165315
802,T,0.0,0.0,0.35135135135135137,1.1138308385749607,1.465182189926312
803,T,0.0,0.0,0.35135135135135137,0.3248610613681486,0.6762124127195
804,G,0.0,0.0,0.4594594594594595,3.2987575124133572,3.758216971872817
805,T,0.0,0.0,0.4594594594594595,0.4276994613841476,0.887158920843607
806,C,0.0,0.0,0.4594594594594595,0.5478938010789864,1.0073532605384459
807,A,0.0,0.0,0.4594594594594595,0.5125077219937081,0.9719671814531676
808,G,0.0,0.0,0.4594594594594595,0.33899199434889316,0.7984514538083527
809,G,0.0,0.0,0.4594594594594595,0.3751172424602606,0.8345767019197201
810,A,0.0,0.0,0.4594594594594595,0.8429711591949751,1.3024306186544345
811,A,0.0,0.0,0.4594594594594595,0.4276994613841476,0.887158920843607
812,G,0.0,0.0,0.4594594594594595,0.5260565175551767,0.9855159770146362
813,T,0.0,0.0,0.4594594594594595,0.4769548497556556,0.9364143092151151
814,G,0.0,0.0,0.4594594594594595,0.3525569957780444,0.8120164552375039
815,C,0.0,0.0,0.4594594594594595,0.35586746273281294,0.8153269221922724
816,T,0.0,0.0,0.4594594594594595,1.2019371481352676,1.661396607594727
817,C,0.0,0.0,0.4594594594594595,0.6106466292514272,1.0701060887108866
818,A,0.0,0.0,0.21621621621621623,0.36239768563222086,0.5786139018484371
819,G,0.0,0.0,0.21621621621621623,0.8275282483856186,1.0437444646018348
820,C,0.0,0.0,0.21621621621621623,0.31384560203018613,0.5300618182464023
821,A,0.0,0.0,0.21621621621621623,0.3175598804533406,0.5337760966695568
822,T,0.0,0.0,0.21621621621621623,1.1326221879505496,1.3488384041667658
823,G,0.0,0.0,0.21621621621621623,0.5871513575713931,0.8033675737876094
824,T,0.0,0.0,0.21621621621621623,0.36561906174519954,0.5818352779614158
825,C,0.0,0.0,0.21621621621621623,1.2739267270200942,1.4901429432363105
826,G,0.0,0.0,0.21621621621621623,0.3355150614693624,0.5517312776855786
827,A,0.0,0.0,0.21621621621621623,0.33200171793672995,0.5482179341529462
828,A,0.0,0.0,0.21621621621621623,1.2683918997127939,1.48460811592901
829,G,0.0,0.0,0.21621621621621623,0.3424336256743633,0.5586498418905795
830,A,0.0,0.0,0.21621621621621623,0.3355150614693624,0.5517312776855786
831,G,0.0,0.0,0.21621621621621623,0.8345831778051964,1.0507993940214126
832,T,0.0,0.0,0.32432432432432434,0.3212312149113003,0.6455555392356247
833,G,0.0,0.0,0.32432432432432434,0.33899199434889316,0.6633163186732175
834,C,0.0,0.0,0.32432432432432434,0.6442850219378299,0.9686093462621542
835,T,0.0,0.0,0.32432432432432434,0.3212312149113003,0.6455555392356247
836,C,0.0,0.0,0.32432432432432434,0.3355150614693624,0.6598393857936867
837,T,0.0,0.0,0.32432432432432434,0.8929576464474449,1.2172819707717693
838,T,0.0,0.0,0.32432432432432434,0.32845079533027466,0.652775119654599
839,G,0.0,0.0,0.32432432432432434,0.32845079533027466,0.652775119654599
840,C,0.0,0.0,0.32432432432432434,1.5443718554050867,1.868696179729411
841,T,0.0,0.0,0.32432432432432434,0.3424336256743633,0.6667579499986876
842,A,0.0,0.0,0.32432432432432434,0.3355150614693624,0.6598393857936867
843,T,0.0,0.0,0.32432432432432434,0.6258202872190466,0.9501446115433709
844,C,0.0,0.0,0.32432432432432434,0.32845079533027466,0.652775119654599
845,C,0.0,0.0,0.32432432432432434,0.3248610613681486,0.649185385692473
846,T,0.0,0.0,0.35135135135135137,2.904434727822285,3.255786079173636
847,C,0.0,0.0,0.35135135135135137,0.6657670603233762,1.0171184116747276
848,G,0.0,0.0,0.35135135135135137,0.4914847131544785,0.8428360645058299
849,A,0.0,0.0,0.35135135135135137,1.098993228515399,1.4503445798667502
850,T,0.0,0.0,0.35135135135135137,0.47448995031042546,0.8258413016617768
851,A,0.0,0.0,0.35135135135135137,0.4890930458559905,0.8404443972073419
852,T,0.0,0.0,0.35135135135135137,1.4512076875296693,1.8025590388810206
853,C,0.0,0.0,0.35135135135135137,0.5730010526857521,0.9243524040371034
854,C,0.0,0.0,0.35135135135135137,0.3751172424602606,0.726468593811612
855,T,0.0,0.0,0.35135135135135137,0.8175490759319712,1.1689004272833226
856,G,0.0,0.0,0.35135135135135137,0.5770794034608062,0.9284307548121575
857,G,0.0,0.0,0.35135135135135137,0.6710301229387395,1.022381474290091
858,T,0.0,0.0,0.35135135135135137,0.47201217906505333,0.8233635304164046
859,G,0.0,0.0,0.35135135135135137,0.469521332237301,0.8208726835886524
860,T,0.0,0.0,0.5315315315315315,0.3424336256743633,0.8739651572058948
861,C,0.0,0.0,0.5315315315315315,4.077692942993113,4.609224474524645
862,A,0.0,0.0,0.5315315315315315,0.3248610613681486,0.8563925928996801
863,G,0.0,0.0,0.5315315315315315,0.3492151478847818,0.8807466794163133
864,A,0.0,0.0,0.5315315315315315,0.523822721827175,1.0553542533587066
865,T,0.0,0.0,0.5315315315315315,0.3212312149113003,0.8527627464428318
866,G,0.0,0.0,0.5315315315315315,0.32845079533027466,0.8599823268618062
867,T,0.0,0.0,0.5315315315315315,1.0871930568966812,1.6187245884282127
868,G,0.0,0.0,0.5315315315315315,0.5770794034608062,1.1086109349923379
869,T,0.0,0.0,0.5315315315315315,0.35914741651825927,0.8906789480497908
870,C,0.0,0.0,0.5315315315315315,0.8345831778051964,1.366114709336728
871,T,0.0,0.0,0.5315315315315315,0.32845079533027466,0.8599823268618062
872,G,0.0,0.0,0.5315315315315315,0.3248610613681486,0.8563925928996801
873,C,0.0,0.0,0.5315315315315315,0.6009685740676296,1.1325001055991613
874,A,0.0,0.0,0.6666666666666666,0.3492151478847818,1.0158818145514483
875,G,0.0,0.0,0.6666666666666666,0.3424336256743633,1.00910029234103
876,A,0.0,0.0,0.6666666666666666,0.5542772451944334,1.2209439118611
877,G,0.0,0.0,0.6666666666666666,0.32845079533027466,0.9951174619969413
878,A,0.0,0.0,0.6666666666666666,0.3248610613681486,0.9915277280348151
879,C,0.0,0.0,0.6666666666666666,0.4818468223669634,1.14851348903363
880,A,0.0,0.0,0.6666666666666666,0.32845079533027466,0.9951174619969413
881,A,0.0,0.0,0.6666666666666666,0.32845079533027466,0.9951174619969413
882,C,0.0,0.0,0.6666666666666666,0.8863674630477532,1.55303412971442
883,T,0.0,0.0,0.6666666666666666,0.33200171793672995,0.9986683846033966
884,G,0.0,0.0,0.6666666666666666,0.30628194591583424,0.9729486125825009
885,G,0.0,0.0,0.6666666666666666,0.3355150614693624,1.002181728136029
886,A,0.0,0.0,0.6666666666666666,0.4022684270852486,1.0689350937519153
887,A,0.0,0.0,0.6666666666666666,0.5750438436665763,1.241710510333243
888,A,0.0,0.0,0.45045045045045046,0.5370861555295668,0.9875366059800172
889,G,0.0,0.0,0.45045045045045046,0.3874194221130247,0.8378698725634752
890,G,0.0,0.0,0.45045045045045046,0.38131794753288234,0.8317683979833328
891,A,0.0,0.0,0.45045045045045046,1.4479719918927334,1.898422442343184
892,T,0.0,0.0,0.45045045045045046,0.3993427996969396,0.84979325014739
893,C,0.0,0.0,0.45045045045045046,0.3934262829935108,0.8438767334439612
894,C,0.0,0.0,0.45045045045045046,0.7084321933734237,1.1588826438238742
895,A,0.0,0.0,0.45045045045045046,0.3904344047215102,0.8408848551719607
896,A,0.0,0.0,0.45045045045045046,0.39639558008375925,0.8468460305342097
897,C,0.0,0.0,0.45045045045045046,1.5252717901315487,1.9757222405819992
898,C,0.0,0.0,0.45045045045045046,1.3748614120845126,1.8253118625349631
899,G,0.0,0.0,0.45045045045045046,0.3934262829935108,0.8438767334439612
900,G,0.0,0.0,0.45045045045045046,0.6569015906605646,1.1073520411110152
901,C,0.0,0.0,0.45045045045045046,0.4051729299811255,0.8556233804315759
902,C,0.0,0.0,1.0,0.41092035080924133,1.4109203508092414
903,C,0.0,0.0,1.0,0.676252226000573,1.676252226000573
904,A,0.0,0.0,1.0,0.6533217188282354,1.6533217188282354
905,T,0.0,0.0,1.0,0.43043239309807996,1.43043239309808
906,C,0.0,0.0,1.0,1.3376844264494783,2.3376844264494783
907,A,0.0,0.0,1.0,1.344678902505825,2.344678902505825
908,T,0.0,0.0,1.0,0.4022684270852486,1.4022684270852486
909,A,0.0,0.0,1.0,1.136755859310736,2.1367558593107363
910,G,0.0,0.0,1.0,0.4221805274389026,1.4221805274389026
911,A,0.0,0.0,1.0,0.4137641241928063,1.4137641241928063
912,T,0.0,0.0,1.0,0.6586842305477109,1.6586842305477107
913,A,0.0,0.0,1.0,0.451700975322104,1.451700975322104
914,T,0.0,0.0,1.0,0.3993427996969396,1.3993427996969396
915,A,0.0,0.0,1.0,0.5730010526857521,1.573001052685752
916,A,0.0,0.0,0.8468468468468469,0.4221805274389026,1.2690273742857494
917,A,0.0,0.0,0.8468468468468469,0.43314808182420705,1.279994928671054
918,C,0.0,0.0,0.8468468468468469,1.303048813410814,2.149895660257661
919,A,0.0,0.0,0.8468468468468469,1.2581814805101368,2.1050283273569836
920,T,0.0,0.0,0.8468468468468469,0.48427427764128667,1.3311211244881336
921,A,0.0,0.0,0.8468468468468469,1.9364916731037085,2.783338519950555
922,A,0.0,0.0,0.8468468468468469,0.6314164071153678,1.4782632539622147
923,A,0.0,0.0,0.8468468468468469,1.471269569569581,2.318116416416428
924,G,0.0,0.0,0.8468468468468469,0.8275282483856186,1.6743750952324654
925,G,0.0,0.0,0.8468468468468469,0.6569015906605646,1.5037484375074115
926,A,0.0,0.0,0.8468468468468469,0.4022684270852486,1.2491152739320954
927,T,0.0,0.0,0.8468468468468469,1.0957876021579867,1.9426344490048335
928,C,0.0,0.0,0.8468468468468469,1.3671638382433797,2.2140106850902264
929,A,0.0,0.0,0.8468468468468469,2.239735812616957,3.0865826594638035
930,T,0.0,0.0,0.21621621621621623,0.8567686577093142,1.0729848739255305
931,A,0.0,0.0,0.21621621621621623,0.4542895407851583,0.6705057570013746
932,G,0.0,0.0,0.21621621621621623,0.5542772451944334,0.7704934614106497
933,C,0.0,0.0,0.21621621621621623,0.7084321933734237,0.9246484095896399
934,A,0.0,0.0,0.21621621621621623,0.4568634398008228,0.673079656017039
935,T,0.0,0.0,0.21621621621621623,0.5911320903297588,0.807348306545975
936,T,0.0,0.0,0.21621621621621623,0.5647560033674542,0.7809722195836705
937,G,0.0,0.0,0.21621621621621623,0.6461024727187477,0.8623186889349639
938,T,0.0,0.0,0.21621621621621623,1.3021486068692312,1.5183648230854474
939,T,0.0,0.0,0.21621621621621623,0.7392126027368716,0.9554288189530878
940,T,0.0,0.0,0.21621621621621623,0.4221805274389026,0.6383967436551188
941,C,0.0,0.0,0.21621621621621623,0.44384470688224953,0.6600609230984658
942,C,0.0,0.0,0.21621621621621623,0.6479148254308817,0.864131041647098
943,A,0.0,0.0,0.21621621621621623,0.5542772451944334,0.7704934614106497
944,G,0.0,0.0,0.27927927927927926,0.532701705405408,0.8119809846846873
945,G,0.0,0.0,0.27927927927927926,4.284390709581142,4.563669988860422
946,T,0.0,0.0,0.27927927927927926,0.4221805274389026,0.7014598067181819
947,A,0.0,0.0,0.27927927927927926,0.3993427996969396,0.6786220789762188
948,T,0.0,0.0,0.27927927927927926,0.5626758636903932,0.8419551429696726
949,G,0.0,0.0,0.27927927927927926,0.5990141995454115,0.8782934788246908
950,T,0.0,0.0,0.27927927927927926,0.4080567594702237,0.6873360387495029
951,G,0.0,0.0,0.27927927927927926,1.3723003516575627,1.651579630936842
952,T,0.0,0.0,0.27927927927927926,0.4051729299811255,0.6844522092604047
953,G,0.0,0.0,0.27927927927927926,0.4051729299811255,0.6844522092604047
954,T,0.0,0.0,0.27927927927927926,1.4259390112448216,1.705218290524101
955,T,0.0,0.0,0.27927927927927926,0.4568634398008228,0.736142719080102
956,C,0.0,0.0,0.27927927927927926,0.451700975322104,0.7309802546013833
957,T,0.0,0.0,0.27927927927927926,4.157995981433064,4.437275260712344
958,G,0.0,0.0,0.26126126126126126,0.5282808679311887,0.7895421291924499
959,G,0.0,0.0,0.26126126126126126,0.44384470688224953,0.7051059681435108
960,A,0.0,0.0,0.26126126126126126,4.115476669553118,4.376737930814379
961,C,0.0,0.0,0.26126126126126126,0.6106466292514272,0.8719078905126885
962,T,0.0,0.0,0.26126126126126126,0.41939382683670967,0.6806550880979709
963,T,0.0,0.0,0.26126126126126126,2.874403437576434,3.135664698837695
964,G,0.0,0.0,0.26126126126126126,0.46701720061047003,0.7282784618717313
965,T,0.0,0.0,0.26126126126126126,0.41092035080924133,0.6721816120705026
966,T,0.0,0.0,0.26126126126126126,0.5370861555295668,0.7983474167908281
967,G,0.0,0.0,0.26126126126126126,0.4221805274389026,0.6834417887001638
968,G,0.0,0.0,0.26126126126126126,0.41092035080924133,0.6721816120705026
969,A,0.0,0.0,0.26126126126126126,0.9239364353597924,1.1851976966210538
970,G,0.0,0.0,0.26126126126126126,0.41939382683670967,0.6806550880979709
971,A,0.0,0.0,0.26126126126126126,0.42494895400323085,0.6862102152644921
972,C,0.0,0.0,0.32432432432432434,4.091186243383302,4.415510567707627
973,A,0.0,0.0,0.32432432432432434,0.4137641241928063,0.7380884485171306
974,C,0.0,0.0,0.32432432432432434,0.451700975322104,0.7760252996464283
975,A,0.0,0.0,0.32432432432432434,0.5970534276739227,0.921377751998247
976,C,0.0,0.0,0.32432432432432434,0.4221805274389026,0.7465048517632269
977,C,0.0,0.0,0.32432432432432434,0.42494895400323085,0.7492732783275552
978,C,0.0,0.0,0.32432432432432434,0.7150224021995883,1.0393467265239127
979,A,0.0,0.0,0.32432432432432434,0.451700975322104,0.7760252996464283
980,G,0.0,0.0,0.32432432432432434,0.4276994613841476,0.752023785708472
981,A,0.0,0.0,0.32432432432432434,1.167291890005576,1.4916162143299003
982,A,0.0,0.0,0.32432432432432434,0.6276912040603883,0.9520155283847126
983,A,0.0,0.0,0.32432432432432434,0.5414351022802548,0.8657594266045792
984,A,0.0,0.0,0.32432432432432434,0.7067750397743472,1.0310993640986714
985,A,0.0,0.0,0.32432432432432434,0.7150224021995883,1.0393467265239127
986,G,0.0,0.0,0.5225225225225225,2.381822185444774,2.9043447079672964
987,C,0.0,0.0,0.5225225225225225,1.1169846839774258,1.6395072064999483
988,G,0.0,0.0,0.5225225225225225,0.44119486405390085,0.9637173865764234
989,A,0.0,0.0,0.5225225225225225,0.43043239309807996,0.9529549156206025
990,C,0.0,0.0,0.5225225225225225,0.6201736729460385,1.142696195468561
991,A,0.0,0.0,0.5225225225225225,2.948112888951804,3.4706354114743263
992,G,0.0,0.0,0.5225225225225225,0.6984302957695778,1.2209528182921003
993,C,0.0,0.0,0.5225225225225225,1.2794376109741459,1.8019601334966684
994,T,0.0,0.0,0.5225225225225225,0.7564606039995541,1.2789831265220766
995,C,0.0,0.0,0.5225225225225225,1.3084370465140573,1.8309595690365799
996,C,0.0,0.0,0.5225225225225225,0.6933752452815358,1.2158977678040583
997,A,0.0,0.0,0.5225225225225225,0.45942291887376496,0.9819454413962875
998,G,0.0,0.0,0.5225225225225225,0.43043239309807996,0.9529549156206025
999,C,0.0,0.0,0.5225225225225225,0.6276912040603883,1.1502137265829107
1000,A,0.0,0.0,0.4864864864864865,0.43584684987715583,0.9223333363636423
1001,G,0.0,0.0,0.4864864864864865,0.8955801415108867,1.3820666279973732
1002,T,0.0,0.0,0.4864864864864865,1.6740767106141314,2.160563197100618
1003,A,0.0,0.0,0.4864864864864865,0.6163805262138641,1.1028670127003506
1004,G,0.0,0.0,0.4864864864864865,0.43043239309807996,0.9169188795845664
1005,C,0.0,0.0,0.4864864864864865,1.6046952683656763,2.0911817548521627
1006,C,0.0,0.0,0.4864864864864865,0.7793656919579666,1.2658521784444532
1007,A,0.0,0.0,0.4864864864864865,0.5348984227885515,1.021384909275038
1008,T,0.0,0.0,0.4864864864864865,7.000067005843869,7.486553492330356
1009,T,0.0,0.0,0.4864864864864865,0.4644995693283149,0.9509860558148013
1010,G,0.0,0.0,0.4864864864864865,0.46701720061047003,0.9535036870969565
1011,T,0.0,0.0,0.4864864864864865,1.3464218441350282,1.8329083306215148
1012,T,0.0,0.0,0.4864864864864865,1.352504452001146,1.8389909384876324
1013,T,0.0,0.0,0.4864864864864865,0.5647560033674542,1.0512424898539408
1014,G,0.0,0.0,0.4864864864864865,1.4808027334725107,1.9672892199589973
1015,A,0.0,0.0,0.4864864864864865,1.3155870289605436,1.80207351544703
1016,A,0.0,0.0,0.4864864864864865,0.5215793593908601,1.0080658458773466
1017,C,0.0,0.0,0.4864864864864865,1.733268989039996,2.2197554755264823
1018,C,0.0,0.0,0.4864864864864865,0.4644995693283149,0.9509860558148013
1019,C,0.0,0.0,0.4864864864864865,0.43852900965351194,0.9250154961399984
1020,T,0.0,0.0,0.4864864864864865,0.9085790815703166,1.3950655680568032
1021,A,0.0,0.0,0.4864864864864865,0.43852900965351194,0.9250154961399984
1022,A,0.0,0.0,0.4864864864864865,0.44119486405390085,0.9276813505403874
1023,C,0.0,0.0,0.4864864864864865,0.9440243581301067,1.430510844616593
1024,A,0.0,0.0,0.4864864864864865,0.4962334680210918,0.9827199545075783
1025,A,0.0,0.0,0.4864864864864865,0.4866896256803097,0.9731761121667962
1026,T,0.0,0.0,0.4864864864864865,0.5709509529014992,1.0574374393879857
1027,G,0.0,0.0,0.4864864864864865,0.42494895400323085,0.9114354404897174
1028,A,0.0,0.0,0.4864864864864865,0.45942291887376496,0.9459094053602515
1029,A,0.0,0.0,0.4864864864864865,1.2683918997127939,1.7548783861992803
1030,A,0.0,0.0,0.4864864864864865,1.2164831048827969,1.7029695913692833
1031,A,0.0,0.0,0.4864864864864865,0.6106466292514272,1.0971331157379138
1032,A,0.0,0.0,0.4864864864864865,0.9563650695950057,1.442851556081492
1033,G,0.0,0.0,0.4864864864864865,0.44119486405390085,0.9276813505403874
1034,G,0.0,0.0,0.4864864864864865,0.4542895407851583,0.9407760272716448
1035,T,0.0,0.0,0.4864864864864865,0.6388016454376743,1.1252881319241608
1036,G,0.0,0.0,0.4864864864864865,4.173196884002167,4.659683370488654
1037,A,0.0,0.0,0.4864864864864865,6.9220736191905265,7.408560105677013
1038,T,0.0,0.0,0.4864864864864865,1.350769358981473,1.8372558454679595
1039,C,0.0,0.0,0.4864864864864865,0.49859088493883436,0.9850773714253209
1040,A,0.0,0.0,0.4864864864864865,0.5435965284483336,1.0300830149348201
1041,T,0.0,0.0,0.4864864864864865,0.5931124378880281,1.0795989243745145
1042,G,0.0,0.0,0.26126126126126126,0.4276994613841476,0.6889607226454089
1043,G,0.0,0.0,0.26126126126126126,0.4276994613841476,0.6889607226454089
1044,A,0.0,0.0,0.26126126126126126,1.3594226784785224,1.6206839397397836
1045,G,0.0,0.0,0.26126126126126126,0.451700975322104,0.7129622365833652
1046,T,0.0,0.0,0.26126126126126126,0.43043239309807996,0.6916936543593413
1047,G,0.0,0.0,0.26126126126126126,2.677997347575425,2.939258608836686
1048,A,0.0,0.0,0.26126126126126126,0.42494895400323085,0.6862102152644921
1049,A,0.0,0.0,0.26126126126126126,0.4276994613841476,0.6889607226454089
1050,A,0.0,0.0,0.26126126126126126,0.6295565609336702,0.8908178221949314
1051,G,0.0,0.0,0.26126126126126126,0.43314808182420705,0.6944093430854683
1052,G,0.0,0.0,0.26126126126126126,0.41939382683670967,0.6806550880979709
1053,C,0.0,0.0,0.26126126126126126,1.0587790766766456,1.3200403379379069
1054,T,0.0,0.0,0.26126126126126126,0.4221805274389026,0.6834417887001638
1055,G,0.0,0.0,0.26126126126126126,0.4490974898027042,0.7103587510639655
1056,G,0.0,0.0,0.36036036036036034,0.4542895407851583,0.8146499011455186
1057,G,0.0,0.0,0.36036036036036034,0.45942291887376496,0.8197832792341253
1058,C,0.0,0.0,0.36036036036036034,0.41939382683670967,0.77975418719707
1059,C,0.0,0.0,0.36036036036036034,0.814675432327206,1.1750357926875663
1060,T,0.0,0.0,0.36036036036036034,0.42494895400323085,0.7853093143635912
1061,T,0.0,0.0,0.36036036036036034,0.42494895400323085,0.7853093143635912
1062,T,0.0,0.0,0.36036036036036034,0.5215793593908601,0.8819397197512204
1063,G,0.0,0.0,0.36036036036036034,0.4542895407851583,0.8146499011455186
1064,A,0.0,0.0,0.36036036036036034,0.44119486405390085,0.8015552244142612
1065,T,0.0,0.0,0.36036036036036034,2.6551306133802175,3.0154909737405777
1066,G,0.0,0.0,0.36036036036036034,0.5304958917672973,0.8908562521276576
1067,A,0.0,0.0,0.36036036036036034,0.44119486405390085,0.8015552244142612
1068,T,0.0,0.0,0.36036036036036034,0.7199254703973322,1.0802858307576926
1069,G,0.0,0.0,0.36036036036036034,0.451700975322104,0.8120613356824644
1070,G,0.0,0.0,0.2972972972972973,0.5563887852034582,0.8536860825007555
1071,A,0.0,0.0,0.2972972972972973,1.1138308385749607,1.411128135872258
1072,A,0.0,0.0,0.2972972972972973,0.7439562617012979,1.0412535589985952
1073,A,0.0,0.0,0.2972972972972973,0.4890930458559905,0.7863903431532878
1074,T,0.0,0.0,0.2972972972972973,0.6710301229387395,0.9683274202360368
1075,G,0.0,0.0,0.2972972972972973,0.451700975322104,0.7489982726194013
1076,A,0.0,0.0,0.2972972972972973,0.469521332237301,0.7668186295345983
1077,C,0.0,0.0,0.2972972972972973,1.000703317400267,1.2980006146975644
1078,G,0.0,0.0,0.2972972972972973,0.6967493539924741,0.9940466512897714
1079,T,0.0,0.0,0.2972972972972973,0.5102146110641383,0.8075119083614357
1080,G,0.0,0.0,0.2972972972972973,0.9600363501560814,1.2573336474533787
1081,T,0.0,0.0,0.2972972972972973,0.44119486405390085,0.7384921613511981
1082,G,0.0,0.0,0.2972972972972973,0.44119486405390085,0.7384921613511981
1083,G,0.0,0.0,0.2972972972972973,0.43584684987715583,0.7331441471744531
1084,A,0.0,0.0,0.05405405405405406,0.4644995693283149,0.5185536233823689
1085,T,0.0,0.0,0.05405405405405406,0.43043239309807996,0.484486447152134
1086,G,0.0,0.0,0.05405405405405406,0.47201217906505333,0.5260662331191074
1087,G,0.0,0.0,0.05405405405405406,0.4276994613841476,0.48175351543820166
1088,G,0.0,0.0,0.05405405405405406,0.43314808182420705,0.4872021358782611
1089,G,0.0,0.0,0.05405405405405406,1.3867504905630716,1.4408045446171256
1090,A,0.0,0.0,0.05405405405405406,0.47448995031042546,0.5285440043644796
1091,G,0.0,0.0,0.05405405405405406,0.43584684987715583,0.4899009039312099
1092,A,0.0,0.0,0.05405405405405406,1.640110507419497,1.694164561473551
1093,A,0.0,0.0,0.05405405405405406,0.43852900965351194,0.492583063707566
1094,C,0.0,0.0,0.05405405405405406,0.43314808182420705,0.4872021358782611
1095,A,0.0,0.0,0.05405405405405406,1.2821841707238395,1.3362382247778934
1096,A,0.0,0.0,0.05405405405405406,0.44647882322372245,0.5005328772777765
1097,T,0.0,0.0,0.05405405405405406,0.4644995693283149,0.5185536233823689
1098,C,0.0,0.0,0.09009009009009009,0.8359870192983082,0.9260771093883983
1099,A,0.0,0.0,0.09009009009009009,0.44384470688224953,0.5339347969723396
1100,A,0.0,0.0,0.09009009009009009,1.1931244554650995,1.2832145455551895
1101,C,0.0,0.0,0.09009009009009009,1.1021895316152526,1.1922796217053426
1102,G,0.0,0.0,0.09009009009009009,0.5478938010789864,0.6379838911690765
1103,A,0.0,0.0,0.09009009009009009,0.4769548497556556,0.5670449398457457
1104,G,0.0,0.0,0.09009009009009009,1.3182582744093738,1.4083483644994639
1105,A,0.0,0.0,0.09009009009009009,0.6048583789091294,0.6949484689992195
1106,C,0.0,0.0,0.09009009009009009,1.2279958198558658,1.3180859099459559
1107,G,0.0,0.0,0.09009009009009009,1.0329923381766681,1.1230824282667582
1108,T,0.0,0.0,0.09009009009009009,1.592224304674985,1.6823143947650752
1109,C,0.0,0.0,0.09009009009009009,0.8001524245036191,0.8902425145937092
1110,A,0.0,0.0,0.09009009009009009,0.6831529376429044,0.7732430277329945
1111,C,0.0,0.0,0.09009009009009009,0.5079111473313812,0.5980012374214713
1112,G,0.0,0.0,0.1981981981981982,0.4890930458559905,0.6872912440541887
1113,C,0.0,0.0,0.1981981981981982,0.8485170818987204,1.0467152800969186
1114,T,0.0,0.0,0.1981981981981982,0.6239437603943805,0.8221419585925787
1115,T,0.0,0.0,0.1981981981981982,0.688283069303379,0.8864812675015772
1116,A,0.0,0.0,0.1981981981981982,0.7748388442260558,0.9730370424242539
1117,G,0.0,0.0,0.1981981981981982,0.5170634357821872,0.7152616339803853
1118,G,0.0,0.0,0.1981981981981982,0.5260565175551767,0.7242547157533749
1119,G,0.0,0.0,0.1981981981981982,1.60907370834101,1.8072719065392082
1120,T,0.0,0.0,0.1981981981981982,0.5215793593908601,0.7197775575890583
1121,A,0.0,0.0,0.1981981981981982,0.5605880054192026,0.7587862036174008
1122,T,0.0,0.0,0.1981981981981982,0.6479148254308817,0.8461130236290799
1123,G,0.0,0.0,0.1981981981981982,0.5348984227885515,0.7330966209867497
1124,A,0.0,0.0,0.1981981981981982,0.5348984227885515,0.7330966209867497
1125,A,0.0,0.0,0.1981981981981982,3.431861527795989,3.6300597259941876
1126,A,0.0,0.0,0.2972972972972973,0.5414351022802548,0.8387323995775522
1127,C,0.0,0.0,0.2972972972972973,0.5770794034608062,0.8743767007581036
1128,C,0.0,0.0,0.2972972972972973,1.3875958124889143,1.6848931097862117
1129,T,0.0,0.0,0.2972972972972973,0.6125638918316847,0.9098611891289821
1130,T,0.0,0.0,0.2972972972972973,0.5730010526857521,0.8702983499830494
1131,C,0.0,0.0,0.2972972972972973,0.6657670603233762,0.9630643576206734
1132,A,0.0,0.0,0.2972972972972973,0.6106466292514272,0.9079439265487246
1133,A,0.0,0.0,0.2972972972972973,0.7407971974871869,1.0380944947844841
1134,A,0.0,0.0,0.2972972972972973,0.8595015790286369,1.1567988763259343
1135,G,0.0,0.0,0.2972972972972973,0.6144751722696613,0.9117724695669587
1136,T,0.0,0.0,0.2972972972972973,0.6314164071153678,0.9287137044126652
1137,C,0.0,0.0,0.2972972972972973,0.9059942140805646,1.203291511377862
1138,G,0.0,0.0,0.2972972972972973,1.8325798667739042,2.1298771640712015
1139,T,0.0,0.0,0.2972972972972973,0.6479148254308817,0.9452121227281791
1140,T,0.0,0.0,0.16216216216216217,1.3429336987820992,1.5050958609442615
1141,G,0.0,0.0,0.16216216216216217,1.321811537658898,1.48397369982106
1142,A,0.0,0.0,0.16216216216216217,1.118033988749895,1.2801961509120572
1143,A,0.0,0.0,0.16216216216216217,4.1034923121314995,4.265654474293662
1144,G,0.0,0.0,0.16216216216216217,0.6087233280040121,0.7708854901661742
1145,G,0.0,0.0,0.16216216216216217,0.6106466292514272,0.7728087914135894
1146,C,0.0,0.0,0.16216216216216217,2.001992440940647,2.1641546031028094
1147,T,0.0,0.0,0.16216216216216217,0.6220615728167349,0.7842237349788971
1148,G,0.0,0.0,0.16216216216216217,0.6163805262138641,0.7785426883760262
1149,G,0.0,0.0,0.16216216216216217,0.6220615728167349,0.7842237349788971
1150,T,0.0,0.0,0.16216216216216217,0.728023874420386,0.8901860365825481
1151,C,0.0,0.0,0.16216216216216217,0.737624603904432,0.8997867660665941
1152,C,0.0,0.0,0.16216216216216217,0.8401844700509644,1.0023466322131265
1153,A,0.0,0.0,0.16216216216216217,1.0204292221282916,1.1825913842904536
1154,A,0.0,0.0,0.2882882882882883,0.7793656919579666,1.0676539802462548
1155,C,0.0,0.0,0.2882882882882883,1.5549654171090912,1.8432537053973794
1156,C,0.0,0.0,0.2882882882882883,1.284011946663457,1.5723002349517452
1157,C,0.0,0.0,0.2882882882882883,2.0293345890454906,2.317622877333779
1158,T,0.0,0.0,0.2882882882882883,1.4135500795486944,1.7018383678369826
1159,A,0.0,0.0,0.2882882882882883,0.7808688094430267,1.069157097731315
1160,A,0.0,0.0,0.2882882882882883,1.1891867402512903,1.4774750285395786
1161,G,0.0,0.0,0.2882882882882883,1.6336632256096084,1.9219515138978966
1162,T,0.0,0.0,0.2882882882882883,0.6933752452815358,0.981663533569824
1163,C,0.0,0.0,0.2882882882882883,0.6797113392392612,0.9679996275275495
1164,C,0.0,0.0,0.2882882882882883,0.8890093987520098,1.177297687040298
1165,A,0.0,0.0,0.2882882882882883,0.664003435873475,0.9522917241617632
1166,A,0.0,0.0,0.2882882882882883,0.6675260252390763,0.9558143135273647
1167,A,0.0,0.0,0.2882882882882883,0.7778596698899294,1.0661479581782176
1168,T,0.0,0.0,0.35135135135135137,0.8635847449047893,1.2149360962561406
1169,T,0.0,0.0,0.35135135135135137,0.9315201721618592,1.2828715235132107
1170,G,0.0,0.0,0.35135135135135137,1.256316125176693,1.6076674765280443
1171,C,0.0,0.0,0.35135135135135137,0.7439562617012979,1.0953076130526493
1172,A,0.0,0.0,0.35135135135135137,0.8117916164372603,1.1631429677886116
1173,G,0.0,0.0,0.35135135135135137,0.8345831778051964,1.1859345291565477
1174,A,0.0,0.0,0.35135135135135137,0.9612569944509429,1.3126083458022944
1175,T,0.0,0.0,0.35135135135135137,1.5283438411596062,1.8796951925109575
1176,A,0.0,0.0,0.35135135135135137,1.0386526125374884,1.3900039638888397
1177,A,0.0,0.0,0.35135135135135137,0.7455307740693338,1.096882125420685
1178,A,0.0,0.0,0.35135135135135137,0.7610967695916991,1.1124481209430506
1179,T,0.0,0.0,0.35135135135135137,0.8810598257271239,1.2324111770784754
1180,A,0.0,0.0,0.35135135135135137,0.7439562617012979,1.0953076130526493
1181,G,0.0,0.0,0.35135135135135137,1.0341268715643888,1.38547822291574
1182,G,0.0,0.0,0.1891891891891892,1.015822294662777,1.2050114838519663
1183,C,0.0,0.0,0.1891891891891892,0.7360331789568457,0.925222368146035
1184,A,0.0,0.0,0.1891891891891892,0.737624603904432,0.9268137930936211
1185,A,0.0,0.0,0.1891891891891892,0.996005153810215,1.1851943429994043
1186,G,0.0,0.0,0.1891891891891892,0.8810598257271239,1.070249014916313
1187,T,0.0,0.0,0.1891891891891892,0.750234484920528,0.9394236741097173
1188,C,0.0,0.0,0.1891891891891892,1.5298775533781128,1.719066742567302
1189,A,0.0,0.0,0.1891891891891892,0.8261100326931758,1.015299221882365
1190,T,0.0,0.0,0.1891891891891892,0.7328399613869456,0.9220291505761349
1191,A,0.0,0.0,0.1891891891891892,0.8689991223652991,1.0581883115544883
1192,G,0.0,0.0,0.1891891891891892,0.810345859962257,0.9995350491514463
1193,T,0.0,0.0,0.1891891891891892,0.7328399613869456,0.9220291505761349
1194,T,0.0,0.0,0.1891891891891892,0.810345859962257,0.9995350491514463
1195,G,0.0,0.0,0.1891891891891892,0.8981949796054084,1.0873841687945975
1196,A,0.0,0.0,0.12612612612612611,1.4374056784456362,1.5635318045717623
1197,C,0.0,0.0,0.12612612612612611,1.9010464186675455,2.0271725447936717
1198,A,0.0,0.0,0.12612612612612611,0.8823897281078017,1.0085158542339279
1199,G,0.0,0.0,0.12612612612612611,4.412745908619005,4.538872034745131
1200,A,0.0,0.0,0.12612612612612611,0.9877295966495891,1.1138557227757153
1201,G,0.0,0.0,0.12612612612612611,1.5796548890439013,1.7057810151700274
1202,G,0.0,0.0,0.12612612612612611,0.9008022274106897,1.0269283535368159
1203,C,0.0,0.0,0.12612612612612611,4.480518597697725,4.606644723823851
1204,G,0.0,0.0,0.12612612612612611,1.538285637223643,1.6644117633497693
1205,A,0.0,0.0,0.12612612612612611,0.7517958487008425,0.8779219748269687
1206,T,0.0,0.0,0.12612612612612611,1.484756819906516,1.6108829460326421
1207,A,0.0,0.0,0.12612612612612611,0.833176970946491,0.9593030970726171
1208,G,0.0,0.0,0.12612612612612611,0.7641719205797999,0.890298046705926
1209,G,0.0,0.0,0.12612612612612611,1.1682960122471702,1.2944221383732963
1210,T,0.0,0.0,0.5495495495495496,0.7471019681705237,1.2966515177200733
1211,C,0.0,0.0,0.5495495495495496,0.7533539764836116,1.3029035260331612
1212,C,0.0,0.0,0.5495495495495496,1.0329923381766681,1.5825418877262178
1213,G,0.0,0.0,0.5495495495495496,0.7564606039995541,1.3060101535491038
1214,G,0.0,0.0,0.5495495495495496,0.7533539764836116,1.3029035260331612
1215,T,0.0,0.0,0.5495495495495496,0.8373885073220911,1.3869380568716407
1216,T,0.0,0.0,0.5495495495495496,0.7564606039995541,1.3060101535491038
1217,A,0.0,0.0,0.5495495495495496,0.750234484920528,1.2997840344700777
1218,T,0.0,0.0,0.5495495495495496,0.9201211275184427,1.4696706770679921
1219,T,0.0,0.0,0.5495495495495496,0.7610967695916991,1.3106463191412487
1220,C,0.0,0.0,0.5495495495495496,0.7580091431923628,1.3075586927419125
1221,T,0.0,0.0,0.5495495495495496,0.8730378697119673,1.4225874192615169
1222,G,0.0,0.0,0.5495495495495496,0.7595545253127455,1.309104074862295
1223,G,0.0,0.0,0.5495495495495496,0.8415789680562781,1.3911285176058277
1224,T,0.0,0.0,0.7477477477477478,1.3173684610954255,2.065116208843173
1225,A,0.0,0.0,0.7477477477477478,0.8074465810431486,1.5551943287908965
1226,T,0.0,0.0,0.7477477477477478,0.7610967695916991,1.508844517339447
1227,T,0.0,0.0,0.7477477477477478,0.8088975194659209,1.5566452672136686
1228,T,0.0,0.0,0.7477477477477478,0.7439562617012979,1.4917040094490457
1229,T,0.0,0.0,0.7477477477477478,0.7439562617012979,1.4917040094490457
1230,C,0.0,0.0,0.7477477477477478,0.9805806756909194,1.728328423438667
1231,T,0.0,0.0,0.7477477477477478,0.7972160754270575,1.5449638231748053
1232,C,0.0,0.0,0.7477477477477478,0.7883414085028263,1.536089156250574
1233,T,0.0,0.0,0.7477477477477478,1.4218213618421303,2.169569109589878
1234,G,0.0,0.0,0.7477477477477478,1.0409081040373593,1.7886558517851072
1235,T,0.0,0.0,0.7477477477477478,0.768761582990572,1.5165093307383197
1236,T,0.0,0.0,0.7477477477477478,1.0077094938597135,1.7554572416074614
1237,G,0.0,0.0,0.7477477477477478,0.7778596698899294,1.5256074176376773
1238,A,0.0,0.0,0.36036036036036034,0.7868525659870278,1.1472129263473883
1239,A,0.0,0.0,0.36036036036036034,0.9340344012209401,1.2943947615813003
1240,G,0.0,0.0,0.36036036036036034,0.8929576464474449,1.2533180068078051
1241,G,0.0,0.0,0.36036036036036034,0.8275282483856186,1.187888608745979
1242,C,0.0,0.0,0.36036036036036034,1.229904128419439,1.5902644887797992
1243,A,0.0,0.0,0.36036036036036034,0.8117916164372603,1.1721519767976205
1244,A,0.0,0.0,0.36036036036036034,0.8540269909747116,1.214387351335072
1245,A,0.0,0.0,0.36036036036036034,1.4275827455210992,1.7879431058814594
1246,A,0.0,0.0,0.36036036036036034,0.8876894137644991,1.2480497741248593
1247,G,0.0,0.0,0.36036036036036034,1.4957726548165031,1.8561330151768636
1248,C,0.0,0.0,0.36036036036036034,1.2212932585028626,1.581653618863223
1249,T,0.0,0.0,0.36036036036036034,0.7972160754270575,1.1575764357874179
1250,G,0.0,0.0,0.36036036036036034,0.7913106898557103,1.1516710502160707
1251,C,0.0,0.0,0.36036036036036034,2.7106384811718716,3.070998841532232
1252,A,0.0,0.0,0.21621621621621623,0.8401844700509644,1.0564006862671806
1253,T,0.0,0.0,0.21621621621621623,0.8001524245036191,1.0163686407198353
1254,C,0.0,0.0,0.21621621621621623,1.0329923381766681,1.2492085543928844
1255,A,0.0,0.0,0.21621621621621623,0.7927911601675248,1.009007376383741
1256,A,0.0,0.0,0.21621621621621623,0.8132348026724323,1.0294510188886485
1257,T,0.0,0.0,0.21621621621621623,0.9124426528537067,1.1286588690699229
1258,C,0.0,0.0,0.21621621621621623,1.4374056784456362,1.6536218946618524
1259,G,0.0,0.0,0.21621621621621623,0.8161135189404535,1.0323297351566696
1260,G,0.0,0.0,0.21621621621621623,1.1011251281495669,1.317341344365783
1261,T,0.0,0.0,0.21621621621621623,0.7972160754270575,1.0134322916432739
1262,G,0.0,0.0,0.21621621621621623,0.8045368541705035,1.0207530703867196
1263,C,0.0,0.0,0.21621621621621623,1.0730801172728437,1.28929633348906
1264,T,0.0,0.0,0.21621621621621623,0.8001524245036191,1.0163686407198353
1265,T,0.0,0.0,0.21621621621621623,0.803078037278271,1.019294253494487
1266,T,0.0,0.0,0.12612612612612611,1.0273008770231096,1.1534270031492357
1267,T,0.0,0.0,0.12612612612612611,0.8059930306636777,0.9321191567898037
1268,A,0.0,0.0,0.12612612612612611,0.8232662719901866,0.9493923981163128
1269,T,0.0,0.0,0.12612612612612611,1.1253517273807954,1.2514778535069215
1270,G,0.0,0.0,0.12612612612612611,0.8074465810431486,0.9335727071692748
1271,T,0.0,0.0,0.12612612612612611,0.810345859962257,0.9364719860883832
1272,G,0.0,0.0,0.12612612612612611,0.9971817698776687,1.1233078960037948
1273,G,0.0,0.0,0.12612612612612611,0.7972160754270575,0.9233422015531836
1274,A,0.0,0.0,0.12612612612612611,0.803078037278271,0.929204163404397
1275,G,0.0,0.0,0.12612612612612611,1.011194378591253,1.137320504717379
1276,T,0.0,0.0,0.12612612612612611,0.9415368060905851,1.0676629322167113
1277,T,0.0,0.0,0.12612612612612611,0.8059930306636777,0.9321191567898037
1278,G,0.0,0.0,0.12612612612612611,0.9302605094190606,1.0563866355451867
1279,A,0.0,0.0,0.12612612612612611,0.8261100326931758,0.952236158819302
1280,T,0.0,0.0,0.4144144144144144,0.8204126541423651,1.2348270685567795
1281,T,0.0,0.0,0.4144144144144144,1.5198807596164081,1.9342951740308225
1282,A,0.0,0.0,0.4144144144144144,0.8317683867253672,1.2461828011397817
1283,G,0.0,0.0,0.4144144144144144,0.833176970946491,1.2475913853609053
1284,G,0.0,0.0,0.4144144144144144,1.1662869032587735,1.5807013176731879
1285,G,0.0,0.0,0.4144144144144144,0.8261100326931758,1.2405244471075902
1286,G,0.0,0.0,0.4144144144144144,0.8275282483856186,1.241942662800033
1287,A,0.0,0.0,0.4144144144144144,0.8876894137644991,1.3021038281789135
1288,A,0.0,0.0,0.4144144144144144,0.8810598257271239,1.2954742401415382
1289,G,0.0,0.0,0.4144144144144144,0.8863674630477532,1.3007818774621676
1290,A,0.0,0.0,0.4144144144144144,2.799591232558493,3.2140056469729075
1291,A,0.0,0.0,0.4144144144144144,1.066503466251845,1.4809178806662593
1292,A,0.0,0.0,0.4144144144144144,0.9352889812373554,1.3497033956517699
1293,A,0.0,0.0,0.4144144144144144,1.4226458451598065,1.837060259574221
1294,G,0.0,0.0,0.42342342342342343,0.9865417073483057,1.4099651307717291
1295,A,0.0,0.0,0.42342342342342343,0.8415789680562781,1.2650023914797015
1296,G,0.0,0.0,0.42342342342342343,1.008872459617592,1.4322958830410153
1297,G,0.0,0.0,0.42342342342342343,0.833176970946491,1.2566003943699144
1298,A,0.0,0.0,0.42342342342342343,0.8345831778051964,1.2580066012286197
1299,A,0.0,0.0,0.42342342342342343,0.9365418806352761,1.3599653040586994
1300,A,0.0,0.0,0.42342342342342343,0.9008022274106897,1.324225650834113
1301,C,0.0,0.0,0.42342342342342343,1.0936452978564164,1.51706872127984
1302,T,0.0,0.0,0.42342342342342343,2.014837085299995,2.4382605087234186
1303,G,0.0,0.0,0.42342342342342343,1.4957726548165031,1.9191960782399264
1304,A,0.0,0.0,0.42342342342342343,1.0587790766766456,1.482202500100069
1305,A,0.0,0.0,0.42342342342342343,0.9514479929570823,1.3748714163805058
1306,G,0.0,0.0,0.42342342342342343,0.8608647861961656,1.284288209619589
1307,T,0.0,0.0,0.42342342342342343,0.8415789680562781,1.2650023914797015
1308,C,0.0,0.0,0.16216216216216217,2.039134017717786,2.2012961798799484
1309,T,0.0,0.0,0.16216216216216217,0.9912847236677815,1.1534468858299438
1310,T,0.0,0.0,0.16216216216216217,1.4688766112447669,1.631038773406929
1311,G,0.0,0.0,0.16216216216216217,1.124309252189579,1.286471414351741
1312,T,0.0,0.0,0.16216216216216217,0.8608647861961656,1.0230269483583276
1313,G,0.0,0.0,0.16216216216216217,0.8567686577093142,1.0189308198714764
1314,G,0.0,0.0,0.16216216216216217,0.8595015790286369,1.0216637411907992
1315,A,0.0,0.0,0.16216216216216217,0.8595015790286369,1.0216637411907992
1316,C,0.0,0.0,0.16216216216216217,0.8703474538547866,1.0325096160169487
1317,T,0.0,0.0,0.16216216216216217,4.484181076289525,4.646343238451688
1318,T,0.0,0.0,0.16216216216216217,0.8770580193070239,1.0392201814691862
1319,C,0.0,0.0,0.16216216216216217,0.864941516746722,1.027103678908884
1320,A,0.0,0.0,0.16216216216216217,0.9563650695950057,1.118527231757168
1321,A,0.0,0.0,0.16216216216216217,0.8512764943269725,1.0134386564891347
1322,A,0.0,0.0,0.5315315315315315,0.8890093987520098,1.4205409302835412
1323,C,0.0,0.0,0.5315315315315315,1.0295812369367217,1.561112768468253
1324,A,0.0,0.0,0.5315315315315315,0.8567686577093142,1.3883001892408458
1325,G,0.0,0.0,0.5315315315315315,0.8540269909747116,1.3855585225062432
1326,T,0.0,0.0,0.5315315315315315,1.083952533870741,1.6154840654022724
1327,A,0.0,0.0,0.5315315315315315,0.9252047083457855,1.456736239877317
1328,T,0.0,0.0,0.5315315315315315,0.8757200200240428,1.4072515515555744
1329,T,0.0,0.0,0.5315315315315315,0.9289991386566298,1.4605306701881613
1330,G,0.0,0.0,0.5315315315315315,0.9226664190407657,1.4541979505722973
1331,T,0.0,0.0,0.5315315315315315,0.8863674630477532,1.4178989945792848
1332,T,0.0,0.0,0.5315315315315315,0.9489799006208509,1.4805114321523825
1333,G,0.0,0.0,0.5315315315315315,0.8743799733016877,1.4059115048332194
1334,T,0.0,0.0,0.5315315315315315,0.8955801415108867,1.4271116730424183
1335,G,0.0,0.0,0.5315315315315315,5.075185187796749,5.606716719328281
1336,T,0.0,0.0,0.45045045045045046,0.8929576464474449,1.3434080968978954
1337,T,0.0,0.0,0.45045045045045046,0.8890093987520098,1.3394598492024603
1338,T,0.0,0.0,0.45045045045045046,1.0454044882676035,1.495854938718054
1339,T,0.0,0.0,0.45045045045045046,0.9600363501560814,1.4104868006065319
1340,G,0.0,0.0,0.45045045045045046,0.9901010996950059,1.4405515501454564
1341,T,0.0,0.0,0.45045045045045046,1.06540341081083,1.5158538612612804
1342,G,0.0,0.0,0.45045045045045046,1.0631998853685274,1.513650335818978
1343,G,0.0,0.0,0.45045045045045046,1.0861139568224414,1.536564407272892
1344,C,0.0,0.0,0.45045045045045046,4.696711555668307,5.147162006118757
1345,A,0.0,0.0,0.45045045045045046,1.1305496844978506,1.5810001349483012
1346,C,0.0,0.0,0.45045045045045046,1.1398462751427667,1.5902967255932172
1347,C,0.0,0.0,0.45045045045045046,1.4981226525810096,1.9485731030314601
1348,T,0.0,0.0,0.45045045045045046,1.2241702784106834,1.674620728861134
1349,C,0.0,0.0,0.45045045045045046,1.1713032141645432,1.6217536646149937
1350,A,0.0,0.0,0.11711711711711711,1.2985415400872167,1.4156586572043337
1351,G,0.0,0.0,0.11711711711711711,1.1572027475227882,1.2743198646399052
1352,G,0.0,0.0,0.11711711711711711,1.1592276007730276,1.2763447178901446
1353,T,0.0,0.0,0.11711711711711711,1.4495907425289078,1.5667078596460249
1354,A,0.0,0.0,0.11711711711711711,1.1642743272928593,1.2813914444099763
1355,C,0.0,0.0,0.11711711711711711,1.1652810497700072,1.2823981668871243
1356,A,0.0,0.0,0.11711711711711711,1.6571806343257334,1.7742977514428504
1357,T,0.0,0.0,0.11711711711711711,1.1662869032587735,1.2834040203758905
1358,A,0.0,0.0,0.11711711711711711,1.162258266339087,1.279375383456204
1359,T,0.0,0.0,0.11711711711711711,1.1733037334943965,1.2904208506115136
1360,G,0.0,0.0,0.11711711711711711,1.1632667335711917,1.2803838506883087
1361,G,0.0,0.0,0.11711711711711711,1.162258266339087,1.279375383456204
1362,A,0.0,0.0,0.11711711711711711,1.2591131218673444,1.3762302389844614
1363,A,0.0,0.0,0.11711711711711711,1.191157225016576,1.308274342133693
1364,C,0.0,0.0,0.1891891891891892,1.1632667335711917,1.352455922760381
1365,A,0.0,0.0,0.1891891891891892,1.1772945740430854,1.3664837632322746
1366,G,0.0,0.0,0.1891891891891892,1.1723039005616418,1.361493089750831
1367,G,0.0,0.0,0.1891891891891892,1.1782901721694619,1.3674793613586511
1368,C,0.0,0.0,0.1891891891891892,1.235611370804866,1.4248005599940552
1369,T,0.0,0.0,0.1891891891891892,1.2441231456334738,1.433312334822663
1370,C,0.0,0.0,0.1891891891891892,1.2394015986360838,1.428590787825273
1371,A,0.0,0.0,0.1891891891891892,1.2450653064240367,1.434254495613226
1372,T,0.0,0.0,0.1891891891891892,1.2260845411568404,1.4152737303460297
1373,G,0.0,0.0,0.1891891891891892,1.2279958198558658,1.417185009045055
1374,G,0.0,0.0,0.1891891891891892,1.2279958198558658,1.417185009045055
1375,C,0.0,0.0,0.1891891891891892,1.2431802708139637,1.432369460003153
1376,C,0.0,0.0,0.1891891891891892,1.2318094806514845,1.4209986698406738
1377,T,0.0,0.0,0.1891891891891892,1.2544479960760748,1.443637185265264
1378,G,0.0,0.0,0.0990990990990991,1.235611370804866,1.3347104699039651
1379,A,0.0,0.0,0.0990990990990991,1.2422366803396323,1.3413357794387315
1380,T,0.0,0.0,0.0990990990990991,1.2720844603627661,1.3711835594618653
1381,G,0.0,0.0,0.0990990990990991,1.2403473458920813,1.3394464449911805
1382,G,0.0,0.0,0.0990990990990991,1.2488268415998192,1.3479259406989184
1383,G,0.0,0.0,0.0990990990990991,1.672675222958997,1.7717743220580962
1384,G,0.0,0.0,0.0990990990990991,1.3350520504781527,1.4341511495772519
1385,C,0.0,0.0,0.0990990990990991,1.3155870289605436,1.4146861280596428
1386,G,0.0,0.0,0.0990990990990991,1.87558621230133,1.9746853114004292
1387,A,0.0,0.0,0.0990990990990991,4.4103536720080765,4.509452771107176
1388,A,0.0,0.0,0.0990990990990991,1.3472924694081163,1.4463915685072155
1389,C,0.0,0.0,0.0990990990990991,1.9188508912795568,2.0179499903786557
1390,C,0.0,0.0,0.0990990990990991,1.8145751367273992,1.9136742358264984
1391,T,0.0,0.0,0.0990990990990991,1.327123594714249,1.4262226938133482
1392,C,0.0,0.0,0.0,0.0,0.0
1393,A,0.0,0.0,0.0,0.0,0.0
1394,G,0.0,0.0,0.0,0.0,0.0
1395,T,0.0,0.0,0.0,0.0,0.0
1396,C,0.0,0.0,0.0,0.0,0.0
1397,T,0.0,0.0,0.0,0.0,0.0
1398,C,0.0,0.0,0.0,0.0,0.0
1399,A,0.0,0.0,0.0,0.0,0.0
1400,T,0.0,0.0,0.0,0.0,0.0
1401,G,0.0,0.0,0.0,0.0,0.0
1402,C,0.0,0.0,0.0,0.0,0.0
1403,A,0.0,0.0,0.0,0.0,0.0
1404,T,0.0,0.0,0.0,0.0,0.0
1405,A,0.0,0.0,0.0,0.0,0.0
1406,T,0.0,0.0,0.0,0.0,0.0
1407,A,0.0,0.0,0.0,0.0,0.0
1408,T,0.0,0.0,0.0,0.0,0.0
1409,A,0.0,0.0,0.0,0.0,0.0
1410,A,0.0,0.0,0.0,0.0,0.0
